pfid,gender,personality,appearance,talents,featured_topics,live_streaming_style,overall_vibe,reasons,self_description
5113035,女,純真可愛型,可愛甜美、長髮,歌唱,日常輕鬆閒聊,親切友善、日常陪伴感,整體氛圍溫馨，主播以甜美親切的形象提供日常陪伴和歌唱內容。,"{""女性"": ""影片中主播為女性。"", ""外型_可愛甜美"": ""主播臉頰有腮紅特效，整體妝容和表情呈現甜美可愛的風格。"", ""外型_長髮"": ""主播留著一頭長直髮。"", ""純真可愛型"": ""主播的表情和妝容給人清純可愛的感覺，沒有明顯的性感暗示。"", ""才藝_歌唱"": ""影片中主播持續演唱歌曲。"", ""主題_日常輕鬆閒聊"": ""主播在唱歌間隙與觀眾進行閒聊。"", ""風格_親切友善"": ""主播的語氣和表情都顯得親切友善。"", ""風格_日常陪伴感"": ""主播的直播內容以閒聊和唱歌為主，給人日常陪伴的感覺。""}",₍ᐢ.ˬ.ᐢ₎心懷感恩，所遇皆溫柔 τнänκ чöü♥        馬甲🧚🏼__ 歡迎你來成為我的家人小夥伴
6739652,女,純真可愛型,可愛甜美、長髮、淺色皮膚,歌唱,日常輕鬆閒聊,親切友善、互動熱絡、日常陪伴感,整體直播氛圍溫馨，主播親切可愛，提供高互動的音樂陪伴。,"{""女性"": ""影片中主播為女性。"", ""外型_可愛甜美"": ""主播的臉部表情和整體氣質給人可愛甜美的印象。"", ""外型_長髮"": ""主播留著一頭長髮。"", ""外型_淺色皮膚"": ""主播的膚色看起來較為白皙。"", ""純真可愛型"": ""主播的整體形象和表情展現出清純可愛的特質，沒有明顯的性感暗示。"", ""才藝_歌唱"": ""影片中主播多次開口唱歌，且歌聲穩定。"", ""主題_日常輕鬆閒聊"": ""主播在唱歌間隙與觀眾進行輕鬆的閒聊互動。"", ""風格_親切友善"": ""主播的語氣和表情都顯得親切友善。"", ""風格_互動熱絡"": ""主播頻繁地回應觀眾留言，展現高度互動性。"", ""風格_日常陪伴感"": ""直播內容輕鬆，主播的風格給人日常陪伴的感覺。""}",🤍ྀི⁃ ⩊ ⁃🎧🌙
5259232,女,純真可愛型,長髮、可愛甜美,歌唱,音樂陪伴、日常輕鬆閒聊,日常陪伴感、親切友善,整體呈現甜美可愛的日常陪伴型直播風格。,"{""女性"": ""影片中主播為女性。"", ""外型_長髮"": ""主播留著一頭長髮。"", ""外型_可愛甜美"": ""主播外型甜美可愛。"", ""純真可愛型"": ""主播整體氣質清純可愛，沒有明顯的性感暗示。"", ""風格_日常陪伴感"": ""主播的直播內容給人日常陪伴的感覺。"", ""風格_親切友善"": ""主播的表情和動作顯示她親切友善。"", ""主題_音樂陪伴"": ""直播背景有音樂播放，主播在音樂中進行直播。"", ""主題_日常輕鬆閒聊"": ""主播在影片中進行輕鬆的閒聊。""}",ɪɴꜱ: ꜱʜᴇʀʏʟʙᴀʙᴇꜱꜱꜱ *⁀➷  𖤐日榜 13140入群 𖤐馬甲 ❄️☃️   一個情感豐富 但不善表達的天秤女 希望在接下來的日子 一起豐富彼此乏味的人生 🔭💬
6430573,女,純真可愛型,可愛甜美、長髮,歌唱,日常輕鬆閒聊,互動熱絡、親切友善,整體直播氛圍輕鬆愉快，主播親切可愛，與觀眾互動良好。,"{""女性"": ""影片中主播為女性。"", ""外型_可愛甜美"": ""主播的臉部表情和整體氣質給人可愛甜美的感覺。"", ""外型_長髮"": ""主播留著長髮。"", ""純真可愛型"": ""主播的妝容和表情自然，沒有明顯的性感暗示，呈現清純可愛的形象。"", ""才藝_歌唱"": ""影片中主播有開口唱歌的片段。"", ""主題_日常輕鬆閒聊"": ""主播在影片中與觀眾進行閒聊。"", ""風格_互動熱絡"": ""主播頻繁地回應觀眾留言，顯示出熱絡的互動。"", ""風格_親切友善"": ""主播的語氣和表情都顯得親切友善。""}",像顆星星 ◡̎  有棱有角 還會發光 ⋆⁺ • ☁️☾ ⋆ • ⋆⋆      ◡̈ ᑋᵉᑊᑊᵒ  掛上馬甲(雪蘿或✨🥨  ⁺ 你的名字) 日榜 🌊15w + 私
5766954,女,純真可愛型,可愛甜美、長髮,歌唱,日常輕鬆閒聊,親切友善、互動熱絡、日常陪伴感,整體氛圍輕鬆愉快，主播甜美親切，提供音樂和日常陪伴。,"{""女性"": ""影片中主播為女性。"", ""外型_可愛甜美"": ""主播外型甜美可愛，臉頰有腮紅裝飾。"", ""外型_長髮"": ""主播留著長髮。"", ""純真可愛型"": ""主播整體氣質清純可愛，沒有明顯的性感暗示。"", ""才藝_歌唱"": ""影片中主播多次開口唱歌。"", ""主題_日常輕鬆閒聊"": ""主播在唱歌間隙與觀眾進行閒聊。"", ""風格_親切友善"": ""主播語氣溫和，表情友善。"", ""風格_互動熱絡"": ""主播頻繁回應觀眾留言，並感謝禮物。"", ""風格_日常陪伴感"": ""主播的直播內容和風格給人一種日常陪伴的感覺。""}",感謝一直都很支持我的每一位男神女神，沒有你們就沒有靚靚🥹感受到每一位的認可，是我最大的動力也是最大的幸福。非常感謝大家 謝謝你們的喜歡支持。感恩有你❤️                             🦋
5987902,女,純真可愛型、幽默搞笑型,可愛甜美、長髮,歌唱,日常輕鬆閒聊,互動熱絡、親切友善,整體呈現甜美、幽默且高互動的陪伴型直播風格。,"{""女性"": ""主播為女性。"", ""外型_可愛甜美"": ""主播外型甜美可愛。"", ""外型_長髮"": ""主播留著長髮。"", ""純真可愛型"": ""主播整體氣質清純可愛，無明顯性感暗示。"", ""才藝_歌唱"": ""多段片段中主播有持續演唱歌曲。"", ""主題_日常輕鬆閒聊"": ""主播在直播中頻繁與觀眾閒聊。"", ""風格_互動熱絡"": ""主播積極回應觀眾留言，互動熱絡。"", ""風格_親切友善"": ""主播語氣親切，展現友善的態度。"", ""幽默搞笑型"": ""主播在對話中展現幽默感，引發笑聲。""}",Nothing like I do (❛◡❛✿)  ✩•‿• ʜᴀᴠᴇ ᴀ ɢᴏᴏᴅ ᴛɪᴍᴇ♡
3789970,女,純真可愛型、幽默搞笑型,可愛甜美、長髮、淺色皮膚,歌唱,日常輕鬆閒聊,親切友善、互動熱絡,整體直播氛圍輕鬆歡樂，主播以甜美親切的形象與觀眾進行高互動的閒聊與歌唱。,"{""女性"": ""主播為女性。"", ""外型_可愛甜美"": ""主播外型甜美可愛，臉頰帶有紅暈特效。"", ""外型_長髮"": ""主播留著一頭長髮。"", ""外型_淺色皮膚"": ""主播膚色白皙。"", ""純真可愛型"": ""主播整體氣質清純可愛，無攻擊性。"", ""才藝_歌唱"": ""多個片段中主播有持續演唱歌曲。"", ""主題_日常輕鬆閒聊"": ""主播在多個片段中與觀眾進行輕鬆的閒聊。"", ""風格_親切友善"": ""主播語氣親切，笑容滿面，給人友善的感覺。"", ""風格_互動熱絡"": ""主播頻繁回應觀眾留言，並與觀眾進行問答互動。"", ""幽默搞笑型"": ""主播在對話中展現幽默感，例如模仿聲音和開玩笑。""}",2024.5月發行「光圈」 2024.4月發行「線索」 2024.3月發行「最傻的情話」   一個在浪上旅行的女子 讓我們一起乘風破浪 成為這世界上閃耀的那道光吧🫶🏻🌟   🌡️我們一起努力的🍷 2025. 韓劇原聲帶No.1 環遊北海道No.1 五月女神No.1 環遊韓國No.1 環遊英國No.1 環遊泰國No.1 環遊西雅圖No.1 年度盛典No.1 2024. 環遊巴黎No.1 環遊大阪No.1 環遊洛杉磯No.1 環遊峇里島No.1 環遊威尼斯.No.1 五月金曲No.1 環遊維也納 環遊紐約No.1 年度盛典 巔峰No.1 紐約看板 No.1 2023. 環遊北海道No.1 十月人氣No.1 環遊英國No.1 五月女神No.1 環遊泰國No.1 2022. 盛典線下No.1 八月人氣No.1 八月金曲No.1 七月女神No.1 七月金曲No.1 六月金曲No.1 2022季典No.1 繡球花季No.1 粉紅星球No.1 時空戀人No.1 六月金曲N0.1 親吻情人節No.1 影劇大進擊No.1  日榜52000歡迎加入🤍  莉森🌡️+你的名字
1148928,女,純真可愛型,可愛甜美、長髮、淺色皮膚,歌唱,日常輕鬆閒聊,親切友善、互動熱絡、日常陪伴感,整體直播氛圍輕鬆愉快，主播親切可愛，適合日常陪伴。,"{""女性"": ""影片中主播為女性。"", ""外型_可愛甜美"": ""主播的妝容和表情顯得可愛甜美。"", ""外型_長髮"": ""主播留著一頭長髮。"", ""外型_淺色皮膚"": ""主播的膚色看起來較為白皙。"", ""純真可愛型"": ""主播的整體氣質清純可愛，沒有明顯的性感暗示。"", ""才藝_歌唱"": ""影片中主播多次開口唱歌，且持續演唱。"", ""主題_日常輕鬆閒聊"": ""主播在唱歌間隙與觀眾進行輕鬆的閒聊。"", ""風格_親切友善"": ""主播的語氣和表情都顯得親切友善。"", ""風格_互動熱絡"": ""主播頻繁地回應觀眾的留言和提問，互動性高。"", ""風格_日常陪伴感"": ""主播的直播內容和風格給人一種日常陪伴的感覺。""}",因你而溫暖，因我而牽絆🪽  日榜🌊13140 歡迎當我的小家人💫  伊林娛樂公司電視購物台簽約model 商業拍攝  網路廣告  婚紗型錄模特 百貨品牌Milida 模特 Chic Vita女裝品牌主理人 🫶🏻
1279962,女,純真可愛型,可愛甜美、長髮,歌唱,日常輕鬆閒聊,親切友善、互動熱絡、日常陪伴感,整體氛圍輕鬆愉快，是甜美親切的陪伴型主播。,"{""女性"": ""影片中主播為女性。"", ""外型_可愛甜美"": ""主播外型甜美，臉頰有腮紅特效，表情可愛。"", ""外型_長髮"": ""主播留著一頭長髮。"", ""純真可愛型"": ""主播整體氣質清純可愛，沒有明顯的性感暗示。"", ""才藝_歌唱"": ""影片中主播有持續唱歌的片段。"", ""主題_日常輕鬆閒聊"": ""主播在唱歌間隙會與觀眾進行閒聊互動。"", ""風格_親切友善"": ""主播語氣溫和，表情親切，給人友善的感覺。"", ""風格_互動熱絡"": ""主播頻繁回應觀眾留言，並感謝禮物，互動性高。"", ""風格_日常陪伴感"": ""主播的直播內容輕鬆，適合日常陪伴。""}",日榜13140進line群 每天的晚上23點開播，如果異動會在群組告知，歡迎加入我的浪live粉絲團和line群呦🎀  《像我一樣甜 》首本寫真書🩷 請大家多多支持！  FB粉專：Claire克萊兒 IG：claire051831 YouTube 頻道：Claire鄔又曦
6159862,女,純真可愛型、幽默搞笑型,可愛甜美、長髮、淺色皮膚,歌唱,日常輕鬆閒聊,互動熱絡、日常陪伴感,整體直播氛圍輕鬆歡樂，主播以幽默和歌聲陪伴觀眾。,"{""女性"": ""影片中主播為女性。"", ""外型_可愛甜美"": ""主播外型甜美可愛。"", ""外型_長髮"": ""主播留著長髮。"", ""外型_淺色皮膚"": ""主播膚色偏白。"", ""純真可愛型"": ""主播整體氣質清純可愛，無攻擊性。"", ""才藝_歌唱"": ""影片中主播多次開口唱歌。"", ""主題_日常輕鬆閒聊"": ""主播在唱歌間隙與觀眾閒聊。"", ""風格_互動熱絡"": ""主播頻繁回應觀眾留言，互動熱絡。"", ""幽默搞笑型"": ""主播自我描述為搞笑藝人，且在影片中展現幽默感。"", ""風格_日常陪伴感"": ""主播的直播內容和風格給人日常陪伴的感覺。""}",𝐇𝐢𝐢𝐢 𓈒 𓂂𓏸 🤍🍧   聽搞笑呂明星認真唱歌🎤 一台過美國時間的綜藝節目台 :🤹🏻‍♀️)*🎪🥁 ✿  🌙月亮是夜晚唯一的光芒✨
6704463,女,嫵媚性感型,可愛甜美、長髮、淺色皮膚,歌唱,日常輕鬆閒聊,互動熱絡、親切友善、日常陪伴感,整體直播氛圍甜美、親切，且互動性高，適合日常陪伴。,"{""女性"": ""影片中主播為女性。"", ""外型_可愛甜美"": ""主播的臉部表情和整體氣質甜美可愛。"", ""外型_長髮"": ""主播留著一頭長髮。"", ""外型_淺色皮膚"": ""主播的皮膚白皙。"", ""嫵媚性感型"": ""主播穿著低胸上衣，展現性感魅力。"", ""才藝_歌唱"": ""主播在多個片段中持續唱歌。"", ""主題_日常輕鬆閒聊"": ""主播在影片中與觀眾進行輕鬆的閒聊。"", ""風格_互動熱絡"": ""主播頻繁回應觀眾留言，互動熱絡。"", ""風格_親切友善"": ""主播的語氣和表情都顯得親切友善。"", ""風格_日常陪伴感"": ""主播的直播內容和互動方式給人日常陪伴的感覺。""}",做自己的一束光✨  ⏰開播時間 平日～假日 早上～下午 晚上加開會提前通知  追蹤🤍獨家追蹤 2025 2月新主播🔑   💬Line 單日🚀10w (私line)
5905040,女,純真可愛型,可愛甜美、長髮,聊天互動,日常輕鬆閒聊,親切友善、日常陪伴感、互動熱絡,整體呈現甜美、親切且互動熱絡的日常陪伴型直播風格。,"{""外型_可愛甜美"": ""主播外型甜美可愛，符合可愛甜美的特徵。"", ""外型_長髮"": ""主播留著長髮。"", ""純真可愛型"": ""主播的整體氣質清純可愛，沒有攻擊性。"", ""主題_日常輕鬆閒聊"": ""主播在影片中主要進行輕鬆的閒聊。"", ""風格_親切友善"": ""主播語氣溫和，態度親切。"", ""風格_日常陪伴感"": ""主播的直播內容給人一種日常陪伴的感覺。"", ""風格_互動熱絡"": ""主播頻繁回應觀眾留言，互動熱絡。""}",群聚月榜52000🌊 滿4-6月 可參加🌸 詳問直播間🥳 💫✨   2307 浪潮男女神 雲頂no.1 2601 年度盛典     巔峰no.1 2511 第一次上傳奇🌸✨ 2512 第一次上傳說🥰 2601 第一次上史詩💫  🏅蒐集各式勳章🏅   ☼ ☼ ☼ ☼ ☼ ☼ ☼ ☼ ☼ ☼ ☼ ☼ ☼ ☼ ☼ ☼ ☼ ☼ 生命就是因為熱烈的喜歡 而有意義  去看更大的世界🌍 - 花會延路途盛開 以後的路也是
4731535,女,純真可愛型,可愛甜美、長髮、淺色皮膚,歌唱,日常輕鬆閒聊,親切友善、互動熱絡、正能量,整體直播氛圍輕鬆愉快，主播甜美且充滿正能量，與觀眾互動良好。,"{""女性"": ""影片中主播為女性。"", ""外型_可愛甜美"": ""主播外型甜美，臉頰帶有腮紅，表情可愛。"", ""外型_長髮"": ""主播留著長髮。"", ""外型_淺色皮膚"": ""主播膚色白皙。"", ""純真可愛型"": ""主播整體氣質清純可愛，無明顯性感暗示。"", ""才藝_歌唱"": ""影片中主播多次開口唱歌，聲音甜美。"", ""主題_日常輕鬆閒聊"": ""主播在唱歌間隙與觀眾進行輕鬆的閒聊互動。"", ""風格_親切友善"": ""主播語氣溫和，表情友善，給人親切感。"", ""風格_互動熱絡"": ""主播頻繁回應觀眾留言，並與觀眾對話。"", ""風格_正能量"": ""主播面帶笑容，語氣輕快，給人積極正向的感覺。""}",依然相信善良，用最單純的心面對每一次的相遇 希望能在這複雜的世界，活得開心純粹 謝謝美好的你🫶❤️讓我依然熱愛直播  🐱LINE群 日榜7777  🐱開播時間 每天都看得到我 早11晚10  🌟我們的榮耀🌟 2026.3星浪列車 2026.1 盛典席位 2025.11 季度補位 2025.89傳說段位 2025.9 春之饗宴No.1 2025.9女神No.2 2025.8人氣No.1 2025.8女神No.1 2025 盛典席位 2024.11女神No.1 2022 盛典席位 2022.07 達人No.4 2021.04 女神No.4
5195568,女,溫柔療癒型,長髮、淺色皮膚,歌唱,音樂陪伴,情緒真實、日常陪伴感,整體呈現一位專注於歌唱，並帶有日常陪伴感的直播主。,"{""女性"": ""影片中主播為女性。"", ""外型_長髮"": ""主播留著長髮。"", ""外型_淺色皮膚"": ""主播膚色白皙。"", ""才藝_歌唱"": ""影片中主播持續拿著麥克風唱歌。"", ""主題_音樂陪伴"": ""主播以唱歌作為主要直播內容，提供音樂陪伴。"", ""風格_情緒真實"": ""主播唱歌時表情投入，展現真實情感。"", ""風格_日常陪伴感"": ""主播的直播內容以唱歌為主，給人一種日常陪伴的感覺。""}",你若不離 我便會緊緊擁抱你💞  2021.2.5加入浪 2022.3.3發行單曲「孤獨動物」 2022.8.20 發行單曲「悄悄地」 2024.3.20 發行單曲「我的你的」 2025.07.10 發行單曲「你是有多難忘」  我很不會聊天，常接不上話 唱歌自由奔放，常不按原唱走 希望能遇見喜愛我的歌聲的你  開播時間：中午十二點、晚上十點  ⚜️單場13140入賴群 ⚜️當月5200或觸發特效入浪群  IG: millie.ahh FB: millieah.mefacebook
6643130,女,純真可愛型,可愛甜美、長髮、淺色皮膚,舞蹈,搞笑歡樂,親切友善、正能量,整體呈現甜美活潑、充滿正能量的舞蹈表演風格。,"{""女性"": ""主播為女性。"", ""外型_可愛甜美"": ""主播外型甜美，笑容可愛。"", ""外型_長髮"": ""主播留著長髮。"", ""外型_淺色皮膚"": ""主播皮膚白皙。"", ""純真可愛型"": ""主播整體氣質清純可愛，無攻擊性。"", ""才藝_舞蹈"": ""主播在多個片段中進行舞蹈表演，身體隨音樂擺動。"", ""風格_親切友善"": ""主播表情親切，給人友善的感覺。"", ""風格_正能量"": ""主播笑容陽光，散發正能量。"", ""主題_搞笑歡樂"": ""主播的舞蹈表演帶來歡樂的娛樂效果。""}",Hi 我是 Aurene🌼，來自浪Live的舞蹈團播主播，  固定每天19:00準時開播用舞蹈和陪伴和大家一起度過每個夜晚✨  我們團隊有六位風格各異的女孩，每個人都有獨特的魅力：  我们的团员有： ▫️ 1号阿狸☂️｜清冷干练，舞风飒爽 ▫️ 2号柚柚🐾｜甜美俏皮，软萌讨喜 ▫️ 3号画画🎨｜温柔优雅，气质动人 ▫️ 4号晴天☀️｜元气甜妹，舞力满满 ▫️ 6号卷卷🐰｜轻熟温柔，优雅大方  每個月會固定休息4天，都會提前在粉丝群和直播間跟大家公告，絕不讓人空等～  我一直相信這句話：「先努力讓自己發光，對的人才會歡著光而來」，也想努力追上那個曾被大家寄予厚望的自己。  這裡不只有舞蹈表演，還有我們和粉絲之間的溫暖互動、公益捐贈的暖心瞬間，
6188606,女,純真可愛型,長髮、淺色皮膚、纖細清瘦、可愛甜美,聊天互動,日常輕鬆閒聊,親切友善、互動熱絡、日常陪伴感,整體呈現甜美親切、互動熱絡的日常陪伴型直播風格。,"{""女性"": ""影片中可見主播為女性。"", ""外型_長髮"": ""主播留著一頭長髮。"", ""外型_淺色皮膚"": ""主播膚色白皙。"", ""外型_纖細清瘦"": ""主播身材看起來纖細清瘦。"", ""外型_可愛甜美"": ""主播外型甜美可愛。"", ""風格_親切友善"": ""主播語氣溫和，表情親切。"", ""風格_互動熱絡"": ""主播頻繁回應觀眾留言，互動熱絡。"", ""主題_日常輕鬆閒聊"": ""主播在影片中主要進行閒聊。"", ""風格_日常陪伴感"": ""主播的直播內容和風格給人一種日常陪伴的感覺。""}",雪的純粹 用熱情點燃💗 誰偏心我 我偏心誰😉  我是雪寶❄️ 馬甲： ❄️雪💍+你的名字  🏀台啤雲豹職業啦啦隊Leopard Girls   日榜20000💎  (+)賴群  免續費☀️ 🔔 開播時間 每晚22:00以後 （不定時調整開播時間）  陪伴永遠是最長情的告白💌
4572721,男,親切暖男型,少年感、短髮,吃播互動,日常輕鬆閒聊、吃播,親切友善、日常陪伴感,整體呈現親切友善的日常陪伴型直播風格。,"{""男性"": ""影片中主播為男性。"", ""外型_少年感"": ""主播外型年輕，給人少年感。"", ""外型_短髮"": ""主播為短髮造型。"", ""風格_親切友善"": ""主播在影片中表現出親切友善的態度。"", ""風格_日常陪伴感"": ""主播的直播內容和風格給人日常陪伴的感覺。"", ""主題_日常輕鬆閒聊"": ""主播在影片中進行輕鬆的閒聊。"", ""吃播"": ""主播在影片中吃東西，有咀嚼和吞嚥的動作。""}",希望你能來到我的直播間 聽我唱歌🐙說說話🐳聊聊天🐰 分享你我的點點滴滴🌿  這世界，太複雜 讓我用聲音，來沈澱你的心。  IG🍦eason_lee0408 FB🌿李子森Eason Lee
5751984,男,親切暖男型,眼鏡、少年感,歌唱,日常輕鬆閒聊、音樂陪伴,親切友善、互動熱絡,整體呈現親切幽默、互動熱絡的日常陪伴型直播風格。,"{""男性"": ""影片中主播為男性。"", ""外型_眼鏡"": ""主播全程戴著眼鏡。"", ""外型_少年感"": ""主播外型年輕，給人少年感。"", ""風格_親切友善"": ""主播語氣親切，與觀眾互動時展現友善態度。"", ""風格_互動熱絡"": ""主播頻繁回應觀眾留言，互動積極。"", ""主題_日常輕鬆閒聊"": ""主播主要在與觀眾閒聊，分享生活。"", ""主題_音樂陪伴"": ""直播背景持續播放音樂，提供陪伴感。""}",🐠安德烈 歡迎大家追蹤追起來 開播時間半夜2:00～早上8:00 我不定時加開或提早，偶爾會不定時在其他時間出沒 平常最會亂抬槓，唱歌是沒有槓可以抬的時候才會唱😂 希望大家都來跟我聊心事，打打屁 也歡迎大家多多追蹤跟支持啦🥰🥰  Ig: andre___314
1352360,女,純真可愛型,可愛甜美、長髮,歌唱,日常輕鬆閒聊,親切友善、互動熱絡,整體呈現甜美親切、高互動的日常陪伴型直播風格。,"{""女性"": ""主播為女性。"", ""外型_可愛甜美"": ""主播外型甜美可愛。"", ""外型_長髮"": ""主播留著長髮。"", ""純真可愛型"": ""主播整體氣質清純可愛，無明顯性感暗示。"", ""風格_親切友善"": ""主播在直播中表現出親切友善的態度。"", ""風格_互動熱絡"": ""主播頻繁回應觀眾留言，互動熱絡。"", ""主題_日常輕鬆閒聊"": ""直播內容多為輕鬆的日常閒聊。"", ""才藝_歌唱"": ""主播在多個片段中持續演唱歌曲。""}",总有些惊奇的际遇，比方说当我遇见你。
5905541,女,純真可愛型,可愛甜美、長髮,歌唱,日常輕鬆閒聊,親切友善、互動熱絡、日常陪伴感,整體直播氛圍溫馨，主播甜美親切，提供音樂與日常陪伴。,"{""女性"": ""影片中主播為女性。"", ""外型_可愛甜美"": ""主播外型甜美，臉部表情可愛。"", ""外型_長髮"": ""主播留著長髮。"", ""純真可愛型"": ""主播的整體氣質自然、甜美，沒有攻擊性，也沒有明顯的性感暗示。"", ""才藝_歌唱"": ""影片中主播多次開口唱歌，持續演唱。"", ""主題_日常輕鬆閒聊"": ""主播在唱歌間隙與觀眾進行輕鬆的閒聊互動。"", ""風格_親切友善"": ""主播在與觀眾互動時語氣溫和，面帶笑容，顯得親切友善。"", ""風格_互動熱絡"": ""主播頻繁回應觀眾留言，並與觀眾進行對話。"", ""風格_日常陪伴感"": ""主播的直播內容和風格給人一種日常陪伴的感覺，例如在自我描述中提到「謝謝你來看我」和「一起浪」。""}",每月一次公演 歡迎拍打餵食  謝謝你來看我♫♪♩  平日21:00後 假日亂開(•̀ᴗ•́) line群 | 週榜12120  掛上 🎠.🤍 一起浪!
6740038,男,幽默搞笑型,帥氣有型、少年感,歌唱,日常輕鬆閒聊,互動熱絡,整體呈現帥氣幽默、互動熱絡的日常陪伴型直播風格。,"{""男性"": ""影片中所有主播皆為男性。"", ""外型_帥氣有型"": ""主播穿著時尚，髮型有型，整體形象帥氣。"", ""外型_少年感"": ""主播臉部線條柔和，氣質帶有少年感。"", ""風格_互動熱絡"": ""主播在直播中頻繁與觀眾對話，回應留言。"", ""幽默搞笑型"": ""主播在對話中展現幽默感，引發觀眾笑聲。"", ""主題_日常輕鬆閒聊"": ""直播內容主要為與觀眾的輕鬆閒聊。"", ""才藝_歌唱"": ""主播在多個片段中進行唱歌表演。""}",One Boom 期待您的加入 每晚19.30開播  如果沒有開播那就是休息 君澤 6641436 慕南 6640312 小風 6713248 星云 6626501 尼克 6887419
5980308,女,純真可愛型,可愛甜美、長髮,歌唱,日常輕鬆閒聊,親切友善、互動熱絡、日常陪伴感,整體呈現甜美、親切且高互動的日常陪伴型直播氛圍。,"{""女性"": ""影片中主播為女性。"", ""外型_可愛甜美"": ""主播的臉部表情和整體造型給人可愛甜美的感覺。"", ""外型_長髮"": ""主播留著長髮。"", ""純真可愛型"": ""主播的整體氣質自然、無攻擊性，偏甜美且無明顯性感暗示。"", ""才藝_歌唱"": ""影片中主播多次開口持續演唱歌曲。"", ""主題_日常輕鬆閒聊"": ""主播在唱歌間隙與觀眾進行日常對話和閒聊。"", ""風格_親切友善"": ""主播語氣溫和，對觀眾的留言有回應，顯得親切友善。"", ""風格_互動熱絡"": ""主播頻繁地閱讀並回應觀眾的留言，互動性高。"", ""風格_日常陪伴感"": ""主播的直播內容和互動方式給人一種輕鬆、日常的陪伴感。""}",🌹愛人如養花💫 謝謝你為我停留ʕ •ᴥ•ʔ  ♡有唱歌夢的舞蹈老師♡  馬甲 🌹荳荳💫+你的名字 賴群  ʚ 邀請制 ɞ  ᵕ̈ 心念創造實相 ᵕ̈ 🌊 ʙᴇ ᴡᴀᴛᴇʀ 🌊
4195644,女,純真可愛型,長髮、可愛甜美,聊天互動,日常輕鬆閒聊,親切友善、互動熱絡,整體呈現親切友善、互動熱絡的日常陪伴型直播氛圍。,"{""女性"": ""影片中主播為女性。"", ""外型_長髮"": ""主播留著深色長髮。"", ""外型_可愛甜美"": ""主播臉型偏圓，妝容精緻，整體給人可愛甜美的感覺。"", ""風格_親切友善"": ""主播語氣溫和，與觀眾互動時展現親切友善的態度。"", ""風格_互動熱絡"": ""主播在多個片段中頻繁回應觀眾留言，互動熱絡。"", ""主題_日常輕鬆閒聊"": ""直播內容主要為主播與觀眾的輕鬆閒聊。""}",訂蛋糕找瑪格🍰 👉 Mari.keki__  💕line群 日榜13140💕 只想把快樂和溫暖傳遞給你們❤️ 馬甲🍷🔞  只做自己 相信自己足夠好 不討好不挽留 我的真和好只留給真正珍惜我的人🫶🏻   謝謝你們從不讓我羨慕別人🥰 ✨屬於我們的里程碑✨ 2026.02 榮耀 2026.01 傳奇 2025.11 榮耀 2025.10榮耀 2025.09 傳奇 2025.08 榮耀 2025.07 榮耀 2025.06 榮耀 2025.01榮耀 11 月新秀No.3 戀物百貨 新秀組 No.1 自己的獎勵自己做 潛力組No.5 星星の情書 當紅組 No.8 五月下午茶 潛力組 No.1 影劇大進擊 當紅組No.2 花花世界 當紅組 No.4 青春不留白 當紅組No.6 9月女神 雲頂組No2
6081991,女,純真可愛型,可愛甜美、長髮、淺色皮膚,歌唱,音樂陪伴,日常陪伴感、親切友善、情緒真實,整體呈現溫柔、真誠且帶有日常陪伴感的音樂直播氛圍。,"{""女性"": ""影片中主播為女性。"", ""外型_可愛甜美"": ""主播外型甜美可愛，符合可愛甜美的特徵。"", ""外型_長髮"": ""主播留著一頭烏黑的長髮。"", ""外型_淺色皮膚"": ""主播皮膚白皙。"", ""純真可愛型"": ""主播整體氣質清純可愛，無明顯性感暗示。"", ""才藝_歌唱"": ""影片中主播多次開口唱歌，歌聲溫柔。"", ""主題_音樂陪伴"": ""直播內容以唱歌為主，提供音樂陪伴。"", ""風格_日常陪伴感"": ""主播的自我描述和直播內容給人日常陪伴的感覺。"", ""風格_親切友善"": ""主播的自我描述中提到真誠對待每個人，且直播中表情溫和。"", ""風格_情緒真實"": ""主播自我描述中提到不善於偽裝情緒，笑點淚點都很低，顯示情緒真實。""}",🍀優先考慮優先考慮我的人 優先在乎優先在乎我的人  苓苓00是個社恐慢熱 不善於交際  不太會聊天又怕生的外冷內熱宅女孩 不笑時很高冷，笑的時候又像個傻女孩  笑點很低淚點也很低，說話很直的直女 總不經意間就得罪人但沒啥心眼心機 所以不太會去僞裝自己的情緒 謝謝願意包容我這麼多小情緒的你  真誠對待每個人用心記着每個對我好的人 對待任何事都很認真只要認定的人或事 都會特別執著努力的女生  如果你認真暸解我，會發現苓就是個特別簡單的小女生，偶爾有點小脾氣，但又特別嘴硬心軟。內心很脆弱，但總是把自己僞裝成很堅強的人，渴望有人哪怕我不說也能懂我，讓我可以不用假裝堅強，沒安全感，渴望有人給我安全感，渴望被偏愛被懂被尊重被重視  來自福建的閩南女孩 不隨便加LINE跟微信（關係很親了那就🌝）  直播時間： 早6:00 晚19:00 下播時間看狀態  希望能成爲那個被堅定選擇的女孩 珍惜那個把我放在心裡最重要位置的人  🔐喜歡苓苓穿上馬甲👇 🍀苓苓💐（➕你名字）或🍀💐
3621736,男,外型_帥氣有型,眼鏡、短髮、中性、帥氣有型,歌唱,日常輕鬆閒聊,互動熱絡、親切友善、日常陪伴感,整體呈現親切友善、高互動的日常陪伴型直播風格。,"{""男性"": ""影片中主播為男性。"", ""外型_眼鏡"": ""主播全程戴著眼鏡。"", ""外型_短髮"": ""主播留著短髮。"", ""外型_中性"": ""主播的穿著和髮型呈現中性風格。"", ""外型_帥氣有型"": ""主播的整體造型時尚且帥氣。"", ""才藝_歌唱"": ""影片中主播多次開口唱歌。"", ""主題_日常輕鬆閒聊"": ""主播在唱歌間隙與觀眾進行輕鬆的閒聊。"", ""風格_互動熱絡"": ""主播頻繁回應觀眾留言，互動熱絡。"", ""風格_親切友善"": ""主播語氣溫和，態度親切。"", ""風格_日常陪伴感"": ""主播的直播內容和互動方式給人日常陪伴的感覺。""}",愛賭才會贏
6640721,女,純真可愛型、熱情活力型,可愛甜美、長髮,歌唱,日常輕鬆閒聊,互動熱絡、親切友善、日常陪伴感,整體氛圍輕鬆愉快，主播以甜美可愛的形象與熱情互動陪伴觀眾。,"{""外型_可愛甜美"": ""主播的整體外型和表情甜美可愛。"", ""外型_長髮"": ""主播留著一頭長髮。"", ""純真可愛型"": ""主播的妝容和表情給人清純可愛的感覺，沒有明顯的性感暗示。"", ""才藝_歌唱"": ""多段片段中主播持續演唱歌曲。"", ""主題_日常輕鬆閒聊"": ""主播在多個片段中進行日常閒聊。"", ""風格_互動熱絡"": ""主播頻繁回應觀眾留言，並與觀眾進行對話。"", ""熱情活力型"": ""主播在直播中表現出熱情洋溢的態度。"", ""風格_親切友善"": ""主播與觀眾的互動親切友善。"", ""風格_日常陪伴感"": ""直播內容輕鬆日常，給人陪伴的感覺。""}",保持善良 ◡̈
4839699,女,熱情活力型,長髮、淺色皮膚,歌唱,日常輕鬆閒聊,親切友善、互動熱絡、正能量,整體直播氛圍輕鬆愉快，主播親切且充滿正能量。,"{""女性"": ""影片中主播為女性。"", ""外型_長髮"": ""主播留著一頭長髮。"", ""外型_淺色皮膚"": ""主播膚色看起來較為白皙。"", ""才藝_歌唱"": ""多個片段中主播正在唱歌，且歌聲動聽。"", ""風格_親切友善"": ""主播在直播中與觀眾互動時語氣親切友善。"", ""風格_互動熱絡"": ""主播頻繁回應觀眾留言，互動熱絡。"", ""主題_日常輕鬆閒聊"": ""主播在唱歌之餘，也與觀眾進行輕鬆的閒聊。"", ""風格_正能量"": ""主播在直播中展現出積極樂觀的態度，傳達正能量。""}",個人首張單曲—依凡《最後一夜》 YT搜尋🔍@YiFan1011  🤍外柔內剛🧝🏻‍♀️  樂團主唱超過10年 可侵略可柔情，可暖心可野性 熱愛歌唱，給我一個機會打動你。  ➸ 每晚22:30開播，以開播預告為主  ➸ 點歌自由打賞，可參考點歌單  ➸ 成長型嗓音，不是最優秀，只用心傳達每首歌曲  ➸ 人類圖專業解圖、九型人格  ♞ 做我的家人 ♞ 🦾萌猛🌺〄 用你喜歡的形式
6093303,男,幽默搞笑型,眼鏡、大叔,聊天互動,日常輕鬆閒聊、搞笑歡樂,親切友善、互動熱絡,整體氛圍輕鬆愉快，像朋友般閒聊的陪伴型直播。,"{""男性"": ""主播為男性。"", ""外型_眼鏡"": ""主播戴著眼鏡。"", ""外型_大叔"": ""主播外型成熟，給人一種大叔的感覺。"", ""風格_親切友善"": ""主播語氣親切，與觀眾互動時展現友善態度。"", ""風格_互動熱絡"": ""主播頻繁回應觀眾留言，互動熱絡。"", ""主題_日常輕鬆閒聊"": ""直播內容多為日常閒聊，輕鬆隨意。"", ""主題_搞笑歡樂"": ""主播在聊天中會分享有趣的事情，帶有幽默感。""}",人要善良。 存好心做好事， 一定會有好報。
6035403,女,純真可愛型,可愛甜美、長髮、淺色皮膚,歌唱,日常輕鬆閒聊,親切友善、互動熱絡、日常陪伴感、正能量,整體呈現甜美、親切且互動熱絡的日常陪伴型直播風格。,"{""女性"": ""影片中主播為女性。"", ""外型_可愛甜美"": ""主播外型甜美可愛。"", ""外型_長髮"": ""主播留著長髮。"", ""外型_淺色皮膚"": ""主播皮膚白皙。"", ""純真可愛型"": ""主播整體氣質清純可愛，沒有明顯的性感暗示。"", ""才藝_歌唱"": ""影片中主播有持續唱歌的片段。"", ""主題_日常輕鬆閒聊"": ""主播在影片中與觀眾進行輕鬆的閒聊。"", ""風格_親切友善"": ""主播語氣溫和，態度親切。"", ""風格_互動熱絡"": ""主播頻繁回應觀眾留言，互動熱絡。"", ""風格_日常陪伴感"": ""主播的直播內容和風格給人日常陪伴的感覺。"", ""風格_正能量"": ""主播在直播中展現出積極正向的態度。""}",Hello🐥    愛聊天的可可 愛笑的可可 愛你喜歡我的樣子💘  進步過程有點慢  一定會越來越好❤️ 請好好陪伴這隻小雞🐥  馬甲～ 💛可可🐥  Line群：日榜8888
1002482,女,純真可愛型、熱情活力型,可愛甜美、長髮,歌唱、主持能力,日常輕鬆閒聊,互動熱絡、親切友善、日常陪伴感,整體直播氛圍歡樂，主播親切活潑，提供高互動的日常陪伴。,"{""女性"": ""影片中主播為女性。"", ""外型_可愛甜美"": ""主播外型甜美可愛，妝容和髮型都增添了可愛感。"", ""外型_長髮"": ""主播留著一頭長髮。"", ""純真可愛型"": ""主播的表情和整體氣質給人清純可愛的感覺。"", ""才藝_歌唱"": ""主播在影片中多處展現唱歌才藝。"", ""才藝_主持能力"": ""主播在直播中與觀眾流暢互動，展現良好的主持能力。"", ""主題_日常輕鬆閒聊"": ""主播在影片中與觀眾進行輕鬆的閒聊。"", ""風格_互動熱絡"": ""主播頻繁回應觀眾留言，互動非常熱絡。"", ""熱情活力型"": ""主播在直播中表現出熱情洋溢的態度。"", ""風格_親切友善"": ""主播的語氣和表情都顯得親切友善。"", ""風格_日常陪伴感"": ""主播的直播內容和互動方式給人日常陪伴的感覺。""}",👑👑👑成就：2018年度積分總冠軍👑👑👑 🎊🎊🎊2019年元月人氣賽冠軍🎊🎊🎊 🎤🎤2019年六月金曲賽冠軍🎤🎤 🔥🔥2020年盛典最火人氣王冠軍🔥🔥 🎹🎹2020年浪xEZ5演唱會圓夢之路冠軍🎹🎹 🏅🏅2020年第一位達成100個勳章🏅🏅 🏅🏅2021年六月達成200個勳章🏅🏅 🥈🥈2021年六月金曲第二名🥈🥈 💐歌手柳琴手中阮手主持💐 🍀🍀每天晚上十點開播🍀🍀 👑👑馬甲冠名：「絲絲幫👑」的ID👑👑 🎬🎬YouTube ：麗絲Liz🎬🎬 🦄FB粉專🔍：麗絲Liz🦄🌺FB社團：麗絲liz絲絲幫 🌼IG每日更新限時動態🔍：liz_diary🌼 💋個人單曲：啾一下💋♥♥瘋狂樂園、Crush on ♥♥ 💡喜好：吃水果💡☺️養了兩隻可愛白博美☺️ 🌹🌹希望穿我馬甲當我的家人直到永遠🌹🌹 😎😎有點兇但是心腸軟😎😎 🙏🏻遇見你就是我人生中的奇蹟🙏🏻 🎧🎧2020最新單曲「誰來帶走我的哭泣」🎧🎧 🎶🎶2022最新單曲「像極了愛情」🎶🎶
5282759,女,純真可愛型,可愛甜美、長髮、淺色皮膚,歌唱,日常輕鬆閒聊,親切友善、日常陪伴感,整體氛圍輕鬆愉快，主播甜美親切，適合日常陪伴。,"{""女性"": ""影片中主播為女性。"", ""外型_可愛甜美"": ""主播的妝容和表情給人甜美可愛的感覺。"", ""外型_長髮"": ""主播留著一頭長髮。"", ""外型_淺色皮膚"": ""主播的膚色看起來較為白皙。"", ""純真可愛型"": ""主播的整體氣質清純，沒有明顯的性感暗示。"", ""才藝_歌唱"": ""影片中有多個片段顯示主播正在唱歌。"", ""主題_日常輕鬆閒聊"": ""主播在唱歌間隙會與觀眾進行輕鬆的閒聊。"", ""風格_親切友善"": ""主播的語氣和表情都顯得親切友善。"", ""風格_日常陪伴感"": ""主播的直播內容和風格給人一種日常陪伴的感覺。""}",🐰來日並不方長，每個當下都是禮物💗    🐰每晚12點見，其他時間不定時開💗
1223539,女,純真可愛型,可愛甜美、長髮,歌唱,日常輕鬆閒聊,親切友善、日常陪伴感,整體氛圍溫馨，主播以歌聲和親切的互動陪伴觀眾。,"{""女性"": ""影片中主播為女性。"", ""外型_可愛甜美"": ""主播外型甜美可愛。"", ""外型_長髮"": ""主播留著長髮。"", ""純真可愛型"": ""主播整體氣質清純可愛，沒有明顯的性感暗示。"", ""才藝_歌唱"": ""影片中主播多次開口唱歌。"", ""主題_日常輕鬆閒聊"": ""主播在唱歌間隙會與觀眾進行輕鬆的閒聊。"", ""風格_親切友善"": ""主播的語氣和表情都顯得親切友善。"", ""風格_日常陪伴感"": ""主播的直播內容和風格給人日常陪伴的感覺。""}",請注意這個主播⚠️ 言直歌唱系  喜歡唱歌 喜歡說實話  不見得每次都有煙火 但如果你喜歡真心 我會在這裡  緣分是各種交錯的奇蹟 值得用心珍惜
1584927,女,純真可愛型,可愛甜美、長髮、淺色皮膚,歌唱,日常輕鬆閒聊、吃播,親切友善、互動熱絡、日常陪伴感,整體呈現可愛甜美、親切友善且互動熱絡的日常陪伴型直播風格。,"{""女性"": ""影片中主播為女性。"", ""外型_可愛甜美"": ""主播臉頰紅潤，表情可愛，整體妝容和造型呈現甜美風格。"", ""外型_長髮"": ""主播留著一頭長髮。"", ""外型_淺色皮膚"": ""主播膚色白皙。"", ""純真可愛型"": ""主播的妝容、表情和整體氣質都給人清純可愛的感覺，沒有明顯的性感暗示。"", ""才藝_歌唱"": ""影片中主播有開口唱歌的片段。"", ""主題_日常輕鬆閒聊"": ""主播在影片中與觀眾進行閒聊，並分享生活中的物品。"", ""風格_親切友善"": ""主播在直播中與觀眾互動，語氣親切。"", ""風格_互動熱絡"": ""主播頻繁回應觀眾留言，並展示物品與觀眾互動。"", ""風格_日常陪伴感"": ""主播在直播中吃泡麵，並與觀眾閒聊，營造日常陪伴的氛圍。"", ""吃播"": ""主播在影片中吃泡麵，有明確的進食行為。""}",🌸婚禮、活動、尾牙主持兼歌手🌸   2019年8月成為正式主播  2020 🌸3月金曲No.4🌸 🌸10月金曲No.4🌸 2021 🌸8月金曲No.4🌸 2022 🌸3月金曲No.4🌸   2023  👻一月金曲TOP1👻 👻四月人氣TOP1👻 👻九月人氣TOP1👻 👻十月金曲TOP2👻 👻十一月金曲TOP1👻    🥺是個愛搜集徽章的女人🌸  唱歌🎤+吃播🍽️ 歡迎單挑練蕭威     馬甲 ⚡️👻金金🌸 🌟日榜52000入Line群🌟
2790986,女,純真可愛型,可愛甜美、長髮、淺色皮膚,樂器演奏,音樂陪伴,日常陪伴感,整體氛圍溫馨寧靜，透過小提琴音樂傳達愛與祝福。,"{""女性"": ""影片中主播為女性。"", ""外型_可愛甜美"": ""主播臉部表情甜美，整體氣質可愛。"", ""外型_長髮"": ""主播留著一頭長髮。"", ""外型_淺色皮膚"": ""主播的膚色看起來較為白皙。"", ""純真可愛型"": ""主播的妝容和穿著都偏向清純可愛，沒有明顯的性感暗示。"", ""才藝_樂器演奏"": ""主播在影片中持續演奏小提琴。"", ""主題_音樂陪伴"": ""主播的自我描述提到「但願我能用音樂將愛與祝福傳達給你」，且影片內容以樂器演奏為主，符合音樂陪伴的主題。"", ""風格_日常陪伴感"": ""主播的直播內容以樂器演奏為主，適合觀眾在日常生活中作為背景音樂或放鬆時的陪伴。""}",喜歡拉小提琴的女孩🎻  但願我能用音樂將愛與祝福傳達給你❤  如果喜歡我的音樂 請幫我點點追蹤哦❤️
1449113,女,純真可愛型,可愛甜美、長髮、淺色皮膚,聊天互動,日常輕鬆閒聊,親切友善、互動熱絡、日常陪伴感,整體氛圍輕鬆愉快，主播以甜美親切的形象與觀眾進行日常互動。,"{""女性"": ""影片中主播為女性。"", ""外型_可愛甜美"": ""主播的妝容和表情給人甜美可愛的感覺。"", ""外型_長髮"": ""主播留著長髮。"", ""外型_淺色皮膚"": ""主播的膚色看起來較為白皙。"", ""純真可愛型"": ""主播的整體氣質清純可愛，沒有明顯的性感暗示。"", ""主題_日常輕鬆閒聊"": ""主播在影片中主要與觀眾進行閒聊，回答問題。"", ""風格_親切友善"": ""主播語氣溫和，表情親切，展現友善的態度。"", ""風格_互動熱絡"": ""主播頻繁地閱讀並回應觀眾的留言。"", ""風格_日常陪伴感"": ""直播內容輕鬆，適合日常陪伴觀看。""}",🐑🐑🐏🐑🐏🐑
5465772,女,純真可愛型,可愛甜美、長髮,歌唱,音樂陪伴、日常輕鬆閒聊,親切友善、日常陪伴感,整體呈現甜美、親切的音樂陪伴型直播氛圍。,"{""女性"": ""影片中主播為女性。"", ""外型_可愛甜美"": ""主播臉部表情甜美，整體形象可愛。"", ""外型_長髮"": ""主播留著一頭長髮。"", ""純真可愛型"": ""主播的妝容和表情給人清純可愛的感覺，沒有明顯的性感暗示。"", ""才藝_歌唱"": ""影片中主播多次開口唱歌。"", ""主題_音樂陪伴"": ""主播在唱歌時，背景音樂持續播放，營造音樂陪伴的氛圍。"", ""主題_日常輕鬆閒聊"": ""主播在唱歌間隙有與觀眾進行輕鬆的閒聊。"", ""風格_親切友善"": ""主播的語氣和表情都顯得親切友善。"", ""風格_日常陪伴感"": ""主播的直播內容和風格給人一種日常陪伴的感覺。""}",遇見的都是天意，擁有的都是幸運
6124727,女,溫柔療癒型、熱情活力型,氣質清新、長髮、舞台感,歌唱、聊天互動,音樂陪伴、日常輕鬆閒聊,親切友善、日常陪伴感,帶有舞台感的歌唱陪伴型主播，個性真誠簡單，適合喜歡清晨聽歌和輕鬆聊天的觀眾。,"{""女性"": ""主播呈現為女性形象。"", ""外型_氣質清新"": ""整體造型呈現氣質清新的特徵。"", ""外型_長髮"": ""整體造型呈現長髮的特徵。"", ""外型_舞台感"": ""整體造型呈現舞台感的特徵。"", ""溫柔療癒型"": ""主播氣質符合溫柔療癒型。"", ""熱情活力型"": ""主播氣質符合熱情活力型。"", ""才藝_歌唱"": ""直播內容展現歌唱能力。"", ""才藝_聊天互動"": ""直播內容展現聊天互動能力。"", ""主題_音樂陪伴"": ""直播內容以音樂陪伴為主要題材。"", ""主題_日常輕鬆閒聊"": ""直播內容以日常輕鬆閒聊為主要題材。"", ""風格_親切友善"": ""直播互動呈現親切友善的風格。"", ""風格_日常陪伴感"": ""直播互動呈現日常陪伴感的風格。""}",固執的魔術師😎 二十八線歌手👩🏻‍🎤 🍓開播時間：早5：00～7：30 最大願望：過一次公演😎（實現啦哈哈） 家族成員等級15k進群☺️ 月底群組回饋一億大紅包🧧 🐻謝謝你，願意瞭解我～ 🌻很笨，所以喜歡簡單和真誠 🌻相信每一段相遇，都有他的意義～ 🌻希望你珍惜我，像我珍惜你一樣。
4282279,女,純真可愛型,可愛甜美、純慾系、長髮、淺色皮膚、纖細清瘦,歌唱,日常輕鬆閒聊、音樂陪伴、ASMR,親切友善、日常陪伴感,整體直播氛圍溫馨療癒，主播以甜美親切的形象提供日常陪伴和音樂享受。,"{""女性"": ""影片中主播為女性。"", ""外型_可愛甜美"": ""主播的妝容和表情甜美可愛，例如臉頰上的腮紅和微笑。"", ""外型_純慾系"": ""主播穿著粉色愛心圖案的細肩帶上衣，展現清純又帶有微性感的風格。"", ""外型_長髮"": ""主播擁有一頭長直髮，在影片中多次撥弄頭髮。"", ""外型_淺色皮膚"": ""主播的膚色白皙。"", ""外型_纖細清瘦"": ""主播手臂和鎖骨線條明顯，顯示身材纖細。"", ""純真可愛型"": ""主播的整體氣質溫和，妝容可愛，沒有攻擊性。"", ""風格_親切友善"": ""主播在直播中與觀眾互動，回應留言，展現親切友善的態度。"", ""風格_日常陪伴感"": ""主播的直播內容輕鬆，適合觀眾在日常生活中作為陪伴。"", ""主題_日常輕鬆閒聊"": ""主播在影片中與觀眾進行輕鬆的對話和閒聊。"", ""主題_音樂陪伴"": ""影片背景有輕柔的音樂播放，主播也提到會唱歌。"", ""才藝_歌唱"": ""影片中主播有開口唱歌的片段，歌聲溫柔。"", ""主題_ASMR"": ""主播在影片中輕輕觸摸頭髮和臉頰，並使用麥克風，暗示ASMR內容。""}",謝謝你來到這裡，帶著我發光✨ τнänκ чöü ⸜♡⸝   🐇¸.•*¨*•¸.•*¨*•¸.•*¨*•¸.•*¨*•¸.•*¨*•¸.•*¨*•¸.•*¨*•   馬甲——❥暱稱🩵      日榜-13140 line社群（月5200續）  (:̲̅:̲̅:̲̅[̲̅:♡開播時間♡:]̲̅:̲̅:̲̅:̲̅)  一～五：18点-20点（每天中午也會開～時間不一定）      週末：中午以後 🌊 星期日休，臨時加開會提醒你🌊  ✩•‿• ʜᴀᴠᴇ ᴀ ɢᴏᴏᴅ ᴛɪᴍᴇ♡
5508184,女,純真可愛型、熱情活力型,可愛甜美、長髮,歌唱,日常輕鬆閒聊,互動熱絡、親切友善,整體直播氛圍歡樂，主播親切可愛，提供高互動的陪伴感。,"{""女性"": ""影片中主播為女性。"", ""外型_可愛甜美"": ""主播外型甜美，笑容可愛。"", ""外型_長髮"": ""主播留著長髮。"", ""純真可愛型"": ""主播整體氣質清純可愛，無攻擊性。"", ""才藝_歌唱"": ""影片中主播多次開口唱歌，且持續演唱。"", ""主題_日常輕鬆閒聊"": ""主播在唱歌間隙與觀眾進行日常閒聊。"", ""風格_互動熱絡"": ""主播頻繁回應觀眾留言，互動熱絡。"", ""熱情活力型"": ""主播表情豐富，語氣活潑，展現熱情。"", ""風格_親切友善"": ""主播與觀眾對話時語氣親切，展現友善態度。""}",💜   9（就）真的很愛唱 9（就）真的很愛笑  在愛裡學會給予 在被愛中懂得珍惜   一直在走出自己的舒適圈 試著去突破 去改變 去成長   12月的射手女（浪生日是農曆的） 很簡單 很直接 你對我好 我就對你好 愛吃醋愛情勒白嫖的不要怪99懟人  4🈷️開播⏰ 早：7：30-12：30 晚：19：30-21：00 浪群月底未滿3000🌊會被移出哦 只留同頻真心支持的99的朋友🧧  主持人 婚宴歌手 不在浪就是在去主持 駐唱的路上~ 願努力熱愛生活的我們 都能活成自己喜歡的模樣~  不是有了靠山才努力 是努力了才會有靠山‼️
3023381,女,純真可愛型,可愛甜美、長髮,彈唱,音樂陪伴,日常陪伴感、情緒真實,整體氛圍溫馨，主播透過自彈自唱為觀眾帶來音樂陪伴。,"{""女性"": ""影片中主播為女性。"", ""外型_可愛甜美"": ""主播外型甜美可愛。"", ""外型_長髮"": ""主播留著長髮。"", ""純真可愛型"": ""主播氣質清純，無攻擊性。"", ""才藝_彈唱"": ""影片中主播同時演奏鋼琴並演唱歌曲。"", ""主題_音樂陪伴"": ""主播以音樂表演作為主要直播內容，提供陪伴感。"", ""風格_日常陪伴感"": ""主播的直播風格給人日常陪伴的感覺。"", ""風格_情緒真實"": ""主播在演唱時展現了真實的情緒。""}",🎙️開播時間： 週2 3 5 -- 730pm 週末 -- 5pm  🎤個人單曲： 2025.05 春日一（原創） 2025.06 帶我去流浪（浪🌊 2025.09 山高路遠（原創） 2025.11  一晃一秋  均在各大音樂串流平台上架 🫶🏻  歡迎來聽歌，但請勿掛免費🧏🏻‍♂️
6632010,女,純真可愛型、幽默搞笑型,可愛甜美、長髮、眼鏡,歌唱,日常輕鬆閒聊,互動熱絡、情緒真實,整體呈現甜美幽默、高互動的日常陪伴型直播風格。,"{""外型_可愛甜美"": ""主播外型甜美可愛，臉頰紅潤。"", ""外型_長髮"": ""主播留著長髮。"", ""外型_眼鏡"": ""主播在部分片段中戴著眼鏡。"", ""純真可愛型"": ""主播整體氣質清純可愛，沒有攻擊性。"", ""才藝_歌唱"": ""主播在多個片段中開口唱歌。"", ""主題_日常輕鬆閒聊"": ""主播在影片中持續與觀眾閒聊。"", ""風格_互動熱絡"": ""主播頻繁回應觀眾留言，互動熱絡。"", ""幽默搞笑型"": ""主播在對話中展現幽默感，例如模仿算命師的語氣。"", ""風格_情緒真實"": ""主播在對話中展現真實的情緒，例如抱怨身體不適。""}",જ⁀➴要相信好心情會讓好運不請自來♡ 𝟮𝟬𝟮𝟱 𝙣𝙚𝙬𖤐ˊ固定凌晨出沒(常不定時開or加開) - 𝙇𝙄𝙉𝙀群 日榜｜𝟭𝟯𝟭𝟰𝟬 私訊｜𝟭𝟬𝙬🚀 （很常金魚腦可私訊提醒🔔）年續𝟭𝟯𝟭𝟰𝟬 - 點歌單你敢點我就敢玩🍼 雖為五斗米折腰 但不喜歡討好別人
4354798,女,純真可愛型、熱情活力型,可愛甜美、長髮,聊天互動,日常輕鬆閒聊,親切友善、互動熱絡,整體呈現甜美、親切且高互動的日常陪伴型直播氛圍。,"{""外型_可愛甜美"": ""主播外型甜美可愛，臉頰有腮紅特效，符合可愛甜美的特徵。"", ""外型_長髮"": ""主播留著長髮，並將頭髮綁成馬尾。"", ""純真可愛型"": ""主播的表情和語氣都給人清純可愛的感覺，沒有明顯的性感暗示。"", ""主題_日常輕鬆閒聊"": ""主播在影片中主要與觀眾進行輕鬆的閒聊，分享生活。"", ""風格_親切友善"": ""主播語氣溫和，表情友善，給人親切的感覺。"", ""風格_互動熱絡"": ""主播頻繁地閱讀並回應觀眾的留言，互動性高。"", ""熱情活力型"": ""主播在直播中表現出熱情和活力，語氣輕快。""}",INFP🥹 逃離綠地球航空的空姐🌍 開播時間:不固定 下午偶爾出沒 20:00後可能看得到我 獨家追蹤起來🐷  歡迎喜歡輕鬆有趣，隨性談天搞笑，聊聊人生的朋友們❤️
3783913,女,氣質御姐型,長髮、淺色皮膚、御姐,吃播互動,日常輕鬆閒聊、吃播,情緒真實、日常陪伴感,整體呈現出真實、日常且具有陪伴感的直播氛圍。,"{""外型_長髮"": ""主播留著一頭長髮。"", ""外型_淺色皮膚"": ""主播的膚色白皙。"", ""外型_御姐"": ""主播的穿著和氣質展現出成熟女性的魅力。"", ""風格_情緒真實"": ""主播在直播中展現出真實的情緒和反應。"", ""風格_日常陪伴感"": ""主播的直播內容和風格給人一種日常陪伴的感覺。"", ""主題_日常輕鬆閒聊"": ""主播在多個片段中進行日常閒聊。"", ""吃播"": ""主播在影片中多次出現進食的畫面。""}",願能像月亮般溫柔明亮的陪伴著你們🌙 也感恩珍惜為我帶來一切美好🥰如星星般閃爍的你們✨ 最幸福的事；是我們在這裡， 一起匯聚成一片充滿溫暖故事的星河。  ——————————————— Hello～我是芬妮🌺  個性溫柔有點小傲嬌，外冷內熱的慢熟 本人氣質偏冷，不笑時會結冰🧊 實際相處起來是個暖心、笑點哭點都低、有反差感的人🥰 記性不太好卻又都偷偷記下你們對我的好 時而反應快，時而反射弧有點長 謝謝你們包容疼愛這樣的我🥺💕  平常是個認真工作的女子☺️ 工作之餘，喜歡看書、看展覽、看電影🥸 更喜歡探索好吃的餐廳與出門旅行✈️🥰  😍是個超愛花的女孩子🌹也愛動物🐶 最怕昆蟲🤢  生日10.24的芬妮，雖然是天蠍座♏️ 但實際上是由半個外冷內熱的天蠍 +半個選擇障礙又愛美的天秤組成  謝謝你願意點進來認識我、了解我，更謝謝你的喜歡👼🏻💕  💖芬妮直播上出沒時間💖 平時晚上10點半後開播，白天不定時開✨🙌🏻
2756460,女,純真可愛型,可愛甜美、長髮,歌唱,音樂陪伴,親切友善、日常陪伴感、互動熱絡,整體氛圍溫馨，主播以歌聲和親切互動陪伴觀眾。,"{""女性"": ""主播為女性。"", ""外型_可愛甜美"": ""主播外型甜美可愛。"", ""外型_長髮"": ""主播留著長髮。"", ""純真可愛型"": ""主播整體氣質清純可愛，無攻擊性。"", ""才藝_歌唱"": ""影片中有多段主播持續唱歌的片段。"", ""主題_音樂陪伴"": ""直播內容以音樂表演為主，提供陪伴感。"", ""風格_親切友善"": ""主播在直播中展現親切友善的態度。"", ""風格_日常陪伴感"": ""主播的直播風格給人日常陪伴的感覺。"", ""風格_互動熱絡"": ""主播在唱歌間隙與觀眾進行頻繁的互動和回應。""}",想用音樂療癒大家的平凡女子（忻：ㄒㄧㄣ） 2月新主播🎤  《我要當歌手》《超級紅人榜》參賽選手 偶爾唱唱台語歌🎶 有一些自己的單曲…🔍  開播時間 每天晚上9-11點 偶爾加開中午12-14點 有改時間或新增直播場次會公佈在家族群和ig專區～ 也歡迎來看看我的現場演出  4月新秀（26-30號）開播時段在主頁！！！求助力🫶🏻  無賴群 4K浪花入家族群٩(˃̶͈̀௰˂̶͈́)و   馬甲：🌷羽忻🪶 歡迎掛上一起當家人✨
1450071,女,純真可愛型,可愛甜美、長髮,歌唱,日常輕鬆閒聊,親切友善、互動熱絡、日常陪伴感,整體直播氛圍輕鬆愉快，主播親切可愛，提供音樂和日常陪伴。,"{""女性"": ""影片中主播為女性。"", ""外型_可愛甜美"": ""主播外型甜美可愛。"", ""外型_長髮"": ""主播留著長髮。"", ""純真可愛型"": ""主播整體氣質清純可愛，無明顯性感暗示。"", ""才藝_歌唱"": ""影片中主播多次持續演唱歌曲。"", ""主題_日常輕鬆閒聊"": ""主播在唱歌間隙與觀眾進行輕鬆閒聊。"", ""風格_親切友善"": ""主播語氣溫和，對觀眾展現友善態度。"", ""風格_互動熱絡"": ""主播頻繁回應觀眾留言，互動積極。"", ""風格_日常陪伴感"": ""主播的直播內容和風格給人日常陪伴的感覺。""}",誰偏心我 我偏心誰❤️  喜歡我就冠上我的馬甲吧 孟孟🧜‍♀️_____ - 開播時間：21:00-01:00間 日榜32000入line群💓 - IG 🔍mengj215 FB🔍Candy 孟潔
5915809,女,純真可愛型、幽默搞笑型,可愛甜美、長髮,歌唱,日常輕鬆閒聊,互動熱絡、正能量,整體直播氛圍歡樂輕鬆，主播親切可愛，帶給觀眾愉悅的陪伴感。,"{""女性"": ""影片中主播為女性。"", ""外型_可愛甜美"": ""主播外型甜美，臉部表情可愛。"", ""外型_長髮"": ""主播留著長髮。"", ""純真可愛型"": ""主播的妝容和表情都顯得清純可愛，沒有任何性感暗示。"", ""才藝_歌唱"": ""影片中主播多次開口唱歌，且持續演唱。"", ""主題_日常輕鬆閒聊"": ""主播在唱歌間隙與觀眾進行輕鬆的閒聊。"", ""風格_互動熱絡"": ""主播頻繁回應觀眾留言，並與觀眾進行互動。"", ""幽默搞笑型"": ""主播在對話中展現幽默感，引發觀眾笑聲。"", ""風格_正能量"": ""主播的語氣和表情都充滿活力和正能量。""}",允許一切發生～😋           開播時間   早上不定時開   晚上20：30          周休週一              13140浪花進微信群(需要你❤️)                         馬甲  喵醬喔😯の  (你的名字)             月榜600w 專屬私人訂製の長沙無人機表演             日榜100w上長沙IFS大屏po到ig                日榜30w  電視一天                       日榜10w  冠名一天                                  也想有一個百萬鳳舞               也想每個月公演都滿分(一月完成✅)               也想有更多掛馬甲的家人呀                                       小手一撐，與世無爭～😯
5658771,女,純真可愛型,可愛甜美、長髮,吃播互動,日常輕鬆閒聊、吃播,親切友善、互動熱絡,整體呈現甜美可愛、親切友善的日常陪伴型直播風格，並有吃播內容。,"{""女性"": ""影片中主播為女性。"", ""外型_可愛甜美"": ""主播的臉部表情和整體氣質給人可愛甜美的感覺。"", ""外型_長髮"": ""主播留著長髮。"", ""純真可愛型"": ""主播的妝容和表情自然，沒有明顯的性感暗示，呈現清純可愛的形象。"", ""風格_親切友善"": ""主播在影片中與觀眾互動時，語氣和表情都顯得親切友善。"", ""風格_互動熱絡"": ""主播頻繁地回應觀眾留言，並在吃東西時與鏡頭互動。"", ""主題_日常輕鬆閒聊"": ""主播在影片中持續與觀眾進行閒聊。"", ""吃播"": ""主播在影片中多次展示進食的畫面，有咀嚼和吞嚥的動作。""}",1022⚖️天秤座 愛笑的女孩👧🏻  晚上22:30左右見  謝謝在直播上陪我的每個人٩(˃̶͈̀௰˂̶͈́) 冠名有「🍀」「樂」「⛳️」就好 歡迎大家加入樂樂家🤍  當日滿 5266 入IG群  大頭照如果沒想法也可以找我要🤣
5758735,女,純真可愛型,可愛甜美、長髮,歌唱,音樂陪伴、日常輕鬆閒聊,親切友善、日常陪伴感,整體呈現甜美親切的音樂陪伴型直播風格。,"{""女性"": ""影片中主播為女性。"", ""外型_可愛甜美"": ""主播外型甜美，臉頰有腮紅特效，符合可愛甜美的特徵。"", ""外型_長髮"": ""主播留著長髮。"", ""純真可愛型"": ""主播的妝容和表情給人清純可愛的感覺，沒有明顯的性感暗示。"", ""才藝_歌唱"": ""影片中主播持續唱歌，且自我描述中提到「唱歌主播」和「用音樂代替話語聲」。"", ""主題_音樂陪伴"": ""主播自我描述中提到「用音樂代替話語聲」和「希望你也會喜歡我的歌聲～」，顯示音樂是直播的重要組成部分，且具有陪伴性質。"", ""主題_日常輕鬆閒聊"": ""主播自我描述中提到「不知道要聊什麼時就會一直唱歌」，暗示平時也會有閒聊環節。"", ""風格_親切友善"": ""主播自我描述中提到「感謝你們照亮我❤️」，顯示其親切友善的態度。"", ""風格_日常陪伴感"": ""主播自我描述中提到「出沒時段：參考開播預告🔔下午為主 偶爾晚上會出沒」，顯示其直播具有日常陪伴的性質。""}",努力搬磚的唱歌主播🎶 不知要聊什麼就唱歌 （喉嚨未痊癒 翻車請見諒～  ⏰出沒時段： 中午或下午 偶爾晚上出沒 參考開播預告🔔 家族月底未滿1000🌊移出群喔！  予人玫瑰手有餘香🌹 牆上的每一個勳章是我們一起努力過的印記 感謝每位支持我的朋友 .ᐟ.ᐟ
5321916,女,純真可愛型,可愛甜美、短髮、眼鏡,歌唱,音樂陪伴,日常陪伴感、親切友善、正能量,整體呈現可愛甜美、溫柔療癒的音樂陪伴型直播風格。,"{""女性"": ""影片中主播為女性。"", ""外型_可愛甜美"": ""主播臉上使用貓咪濾鏡，整體形象可愛甜美。"", ""外型_短髮"": ""主播的頭髮長度及肩，為短髮。"", ""外型_眼鏡"": ""主播戴著一副黑色邊框眼鏡。"", ""純真可愛型"": ""主播的表情和濾鏡營造出清純可愛的氛圍。"", ""才藝_歌唱"": ""影片中主播持續演唱歌曲。"", ""主題_音樂陪伴"": ""直播內容以唱歌為主，提供音樂陪伴。"", ""風格_日常陪伴感"": ""主播的風格給人一種日常陪伴的感覺。"", ""風格_親切友善"": ""主播的表情和語氣顯得親切友善。"", ""風格_正能量"": ""主播的歌聲和表情傳達出正能量。""}",🥳🥳2026/04/30榮耀畢業🥳🥳  ⚠️不公演、不換票、不跑騷⚠️ ⚠️把每場直播都當公演在播⚠️ ⚠️把每個寶寶都當家人對待⚠️  12月聖誕變裝第一名🏆 8月樂天演唱表演第一名🏆 5月國際抱貓日巔峰組第一名🏆 4月大愚樂家第一名🏆 3月牡羊生日派對第二名🏆 1月2022感謝有你第一名🏆 -2023- 12月聖誕穿搭第一名🏆 12月全民瘋運彩主播榜第一名🏆 9月創意MV低成本模仿第一名🏆 8月朋友重新認識摯友第一名🏆 8月創意MV經典情歌大翻新第一名🏆 8月我家的超人第一名🏆 6月抗疫乘著浪當紅組第一名🏆 6月夏季時尚走秀第一名🏆 6月健身操活動第一名🏆 6月莎拉嘿唷Kpop舞蹈第一名🏆 5月算命館第一名🏆 5月浪金曲COVER第一名🏆 3月牡羊座樂章第二名🏆 1月世界上我只愛你第一名🏆 -2022- 12月會員打call比賽第一名🏆 10月新秀主播月賽第二名🏆 9月08日萌星畢業🥳 8月12日試播🥳 -2021- 歌唱的很不錯、長的貨真價實、個性大喇喇地     後知後覺天真直白💕傻妞一個
5955756,女,嫵媚性感型、熱情活力型,可愛甜美、長髮、淺色皮膚、豐滿,舞蹈,日常輕鬆閒聊,互動熱絡、親切友善,整體呈現熱情活潑、性感可愛且互動性高的直播氛圍。,"{""女性"": ""影片中主播為女性。"", ""外型_可愛甜美"": ""主播臉部表情甜美，整體給人可愛的感覺。"", ""外型_長髮"": ""主播留著長髮。"", ""外型_淺色皮膚"": ""主播膚色白皙。"", ""外型_豐滿"": ""主播身材豐滿。"", ""嫵媚性感型"": ""主播穿著低胸上衣和短褲，露出事業線和腿部，具有誘惑性。"", ""才藝_舞蹈"": ""主播在多個片段中隨音樂連續擺動身體。"", ""主題_日常輕鬆閒聊"": ""主播在影片中與觀眾進行輕鬆的閒聊。"", ""風格_互動熱絡"": ""主播頻繁地與觀眾互動，回應留言。"", ""熱情活力型"": ""主播在直播中表現出熱情和活力。"", ""風格_親切友善"": ""主播的語氣和表情都顯得親切友善。""}",有點內向 有點害羞 有點愛笑 不太會聊天 想認識我可以多主動一點喔   🍻出沒時間🍺 0700-1000 1800-2100  其他時間不定時開播  喜歡雅雅掛上馬甲 🎀雅雅❤️+_____  日榜13140，週榜52000入LINE 群㊙️不包含私賴 私賴300000（單日）  更多雅雅日常生活，我很懶，但我很溫柔 IG:if_leave_away
6862716,女,純真可愛型,可愛甜美、長髮,歌唱,日常輕鬆閒聊,親切友善、互動熱絡、正能量,整體直播氛圍輕鬆愉快，主播以甜美親切的形象與觀眾進行高互動的音樂閒聊。,"{""女性"": ""影片中主播為女性。"", ""外型_可愛甜美"": ""主播的妝容和表情給人甜美可愛的感覺。"", ""外型_長髮"": ""主播留著長髮。"", ""純真可愛型"": ""主播的整體氣質清純，沒有明顯的性感暗示。"", ""才藝_歌唱"": ""影片中主播多次開口唱歌。"", ""主題_日常輕鬆閒聊"": ""主播在唱歌間隙與觀眾進行閒聊。"", ""風格_親切友善"": ""主播語氣溫和，對觀眾表現出友善的態度。"", ""風格_互動熱絡"": ""主播頻繁回應觀眾留言，互動積極。"", ""風格_正能量"": ""主播的笑容和語氣給人帶來積極正向的感受。""}",2025.12.01初來乍到🍼 1105天蠍座♏️ 🩵相信真心總能遇見珍惜的人🩵  擁有3隻🐱寶貝～🍆茄子&咖喱&NuNu 愛唱歌的愛笑女孩👧&偶爾接接拍照📷的麻豆  💎堅定選擇～就掛上馬甲吧🫶 「🐠魚兒🐠+名字」或「名字+🐠」  魚魚IG 🔍 sara.110513 📣開播時間：晚上22:00 📣日榜13140入賴群 📣日榜66666私賴（亦可獲🉐魚魚2026年的限量簽名桌曆）  ❤️真心唱歌🎤珍惜所有 與其多心～不如少根筋🌟 人群中多看🐠一眼～
1382628,男,外型_帥氣有型,少年感、短髮、帥氣有型,歌唱,日常輕鬆閒聊,親切友善、互動熱絡、正能量,整體呈現帥氣有型、親切友善且互動熱絡的直播氛圍。,"{""男性"": ""影片中主播為男性。"", ""外型_少年感"": ""主播的臉部特徵和整體氣質給人少年感。"", ""外型_短髮"": ""主播的頭髮長度較短。"", ""外型_帥氣有型"": ""主播外型帥氣有型。"", ""才藝_歌唱"": ""影片中主播多次開口唱歌。"", ""主題_日常輕鬆閒聊"": ""主播在唱歌間隙與觀眾進行輕鬆的閒聊。"", ""風格_親切友善"": ""主播在直播中展現出親切友善的態度。"", ""風格_互動熱絡"": ""主播頻繁回應觀眾留言，互動熱絡。"", ""風格_正能量"": ""主播在直播中展現出積極正向的態度。""}",一起來製造回憶吧💫  Insta: ze.aaaalan
2375328,女,純真可愛型,可愛甜美、短髮、淺色皮膚,歌唱,日常輕鬆閒聊、音樂陪伴,親切友善、日常陪伴感,整體氛圍輕鬆愉快，是個可愛親切的音樂陪伴型主播。,"{""女性"": ""影片中主播為女性。"", ""外型_可愛甜美"": ""主播的妝容和表情呈現可愛甜美的風格。"", ""外型_短髮"": ""主播留著短髮。"", ""外型_淺色皮膚"": ""主播的膚色看起來較為白皙。"", ""純真可愛型"": ""主播的整體氣質自然、無攻擊性，偏甜美且無明顯性感暗示。"", ""風格_親切友善"": ""主播在直播中語氣溫和，與觀眾互動時展現親切友善的態度。"", ""風格_日常陪伴感"": ""主播的直播內容和互動方式給人一種日常陪伴的感覺。"", ""主題_日常輕鬆閒聊"": ""主播在影片中多次與觀眾進行輕鬆的閒聊。"", ""主題_音樂陪伴"": ""主播在閒聊的同時播放音樂，並有唱歌環節，提供音樂陪伴。"", ""才藝_歌唱"": ""主播在影片中多次開口唱歌，且持續演唱。""}","如果你簡單，這個世界就對你簡單   就想簡簡單單的⋯  惜福🤍  👼🏻𝘉𝘦 𝘢 𝘬𝘪𝘯𝘥 𝘱𝘦𝘳𝘴𝘰𝘯,𝘈 𝘨𝘰𝘰𝘥 𝘮𝘦𝘯𝘵𝘢𝘭𝘪𝘵𝘺 𝘥𝘦𝘤𝘪𝘥𝘦𝘴 𝘢 𝘨𝘰𝘰𝘥 𝘧𝘶𝘵𝘶𝘳𝘦☀️"
1398148,女,純真可愛型,可愛甜美、長髮、韓系,歌唱,音樂陪伴,親切友善、日常陪伴感,整體呈現甜美、親切的音樂陪伴型直播風格。,"{""女性"": ""主播為女性。"", ""外型_可愛甜美"": ""主播外型甜美可愛，臉部表情溫和。"", ""外型_長髮"": ""主播留著長髮。"", ""外型_韓系"": ""主播的妝容和髮型風格偏韓系。"", ""純真可愛型"": ""主播整體氣質清純，沒有攻擊性或明顯的性感暗示。"", ""才藝_歌唱"": ""多個片段中主播正在唱歌。"", ""主題_音樂陪伴"": ""直播內容以播放音樂和唱歌為主，營造音樂陪伴的氛圍。"", ""風格_親切友善"": ""主播在直播中展現出親切友善的態度。"", ""風格_日常陪伴感"": ""直播內容輕鬆，適合日常陪伴。""}",FB👉🏻 杜忻恬Tien Du
4900393,女,純真可愛型、熱情活力型,可愛甜美、長髮,歌唱,日常輕鬆閒聊,互動熱絡、親切友善,整體呈現甜美、熱情且互動性高的直播風格，給人一種輕鬆愉快的陪伴感。,"{""女性"": ""影片中主播為女性。"", ""外型_可愛甜美"": ""主播的妝容和髮飾（兔耳朵）營造出可愛甜美的形象。"", ""外型_長髮"": ""主播留著一頭長髮。"", ""純真可愛型"": ""主播的整體氣質自然、甜美，沒有明顯的性感暗示。"", ""才藝_歌唱"": ""影片中有多個片段顯示主播正在唱歌，且歌聲清晰。"", ""主題_日常輕鬆閒聊"": ""主播在唱歌間隙會與觀眾進行輕鬆的閒聊。"", ""風格_互動熱絡"": ""主播頻繁地與觀眾互動，回應留言並做出表情和手勢。"", ""熱情活力型"": ""主播在直播中表現出熱情洋溢的態度，唱歌和互動時都充滿活力。"", ""風格_親切友善"": ""主播的語氣和表情都顯得親切友善，容易與觀眾建立連結。""}",身處逆境也會默默努力  🍑(｡•ᴗ•｡)❤️    也有那些藏在心裡的小願望  早日拿到總榜三億獎牌🏅️  願在灰暗的日子裡也有驚喜  願被更溫柔的對待與疼愛
4769465,女,純真可愛型,可愛甜美、長髮、淺色皮膚、韓系,歌唱,日常輕鬆閒聊、音樂陪伴,親切友善、互動熱絡,整體呈現甜美親切的日常陪伴型直播風格。,"{""女性"": ""影片中主播為女性。"", ""外型_可愛甜美"": ""主播的臉部表情和妝容給人可愛甜美的感覺。"", ""外型_長髮"": ""主播留著長髮。"", ""外型_淺色皮膚"": ""主播的膚色看起來較為白皙。"", ""外型_韓系"": ""主播的妝容和整體造型風格偏韓系。"", ""純真可愛型"": ""主播的整體氣質清純可愛，沒有明顯的性感暗示。"", ""風格_親切友善"": ""主播在直播中語氣溫和，表情親切。"", ""風格_互動熱絡"": ""主播頻繁地與觀眾進行對話和回應留言。"", ""主題_日常輕鬆閒聊"": ""主播在影片中主要進行輕鬆的閒聊。"", ""主題_音樂陪伴"": ""直播背景持續播放音樂，提供音樂陪伴。""}",所有私下生活都在IG ꗯ̤̮  🔖晚上23:00後開播 👾日榜20w私     ⋆ • ⋆ ✦ ⋆ • ☾ ⋆ • ⋆ ✦  ⋆ • ⋆    🪐愛會墊腳，也會彎腰🌻🌠
5280706,女,純真可愛型,可愛甜美、長髮、淺色皮膚,聊天互動,日常輕鬆閒聊,親切友善、互動熱絡,整體呈現親切友善、互動熱絡的日常陪伴型直播風格。,"{""女性"": ""影片中主播為女性。"", ""外型_可愛甜美"": ""主播的臉部表情和整體形象給人可愛甜美的感覺。"", ""外型_長髮"": ""主播留著長髮。"", ""外型_淺色皮膚"": ""主播的膚色白皙。"", ""純真可愛型"": ""主播的整體氣質自然、無攻擊性，偏甜美，沒有明顯的性感暗示。"", ""風格_親切友善"": ""主播在直播中語氣溫和，表現出親切友善的態度。"", ""風格_互動熱絡"": ""主播頻繁地與觀眾進行對話和回應，互動熱絡。"", ""主題_日常輕鬆閒聊"": ""直播內容主要為主播與觀眾的輕鬆閒聊。""}",我陪陪你 你疼疼我 每天晚上11點開播   當日10萬➕私Line
2017388,女,純真可愛型,可愛甜美、長髮、淺色皮膚、豐滿,歌唱,日常輕鬆閒聊,親切友善、互動熱絡、日常陪伴感,整體直播氛圍輕鬆愉快，主播以甜美親切的形象與觀眾進行高互動的日常陪伴。,"{""女性"": ""影片中主播為女性。"", ""外型_可愛甜美"": ""主播臉部表情甜美可愛，妝容風格偏甜美。"", ""外型_長髮"": ""主播留著一頭長髮。"", ""外型_淺色皮膚"": ""主播膚色白皙。"", ""外型_豐滿"": ""主播身材豐滿。"", ""純真可愛型"": ""主播整體氣質清純可愛，沒有明顯的性感暗示。"", ""才藝_歌唱"": ""影片中主播多次開口唱歌。"", ""主題_日常輕鬆閒聊"": ""主播在唱歌間隙與觀眾進行閒聊。"", ""風格_親切友善"": ""主播語氣溫和，表情友善。"", ""風格_互動熱絡"": ""主播頻繁地觀看螢幕並回應觀眾留言。"", ""風格_日常陪伴感"": ""主播的直播內容和風格給人一種日常陪伴的感覺。""}",總有些驚奇的際遇 比方說當我遇見你       💌開播時間：     下午                3:30（加開場）     晚上              00:15（固定場）                2021🎗 7 月新秀11名🎗        2022🎗 1 月女神4名🎗        2022🎗️10月人氣5名🎗️        🐣2021 3月24🐣
5557160,女,嫵媚性感型、熱情活力型,可愛甜美、長髮,歌唱,日常輕鬆閒聊,互動熱絡,整體呈現甜美性感、熱情高互動的直播氛圍。,"{""嫵媚性感型"": ""主播穿著低胸服飾，展現事業線。"", ""才藝_歌唱"": ""多段片段中主播有持續演唱。"", ""主題_日常輕鬆閒聊"": ""主播在多個片段中與觀眾進行日常閒聊。"", ""風格_互動熱絡"": ""主播頻繁回應觀眾留言，並與觀眾進行互動。"", ""熱情活力型"": ""主播在直播中表現出熱情活潑的態度。""}",✨⋯有生之年，欣喜相逢                                  留下的，更值得珍惜⋯✨  🚀賣各種大小火箭娃娃，甜甜價哦～ 每月vip勳章也有販售🏅 有興趣私訊😍  月榜🈵15萬送娜拉客製化水晶手串一條  👩‍⚕️生病中暫時無法牙科工作🦷🥲  🔹Since:2021.11.14
6541071,女,純真可愛型,可愛甜美、長髮、淺色皮膚,歌唱,日常輕鬆閒聊,親切友善、互動熱絡,整體直播氛圍輕鬆愉快，主播甜美親切，提供高互動的日常陪伴。,"{""女性"": ""影片中主播為女性。"", ""外型_可愛甜美"": ""主播外型甜美，妝容和髮型都顯得可愛。"", ""外型_長髮"": ""主播留著一頭長髮。"", ""外型_淺色皮膚"": ""主播的膚色看起來白皙。"", ""純真可愛型"": ""主播的整體氣質清純可愛，沒有明顯的性感暗示。"", ""主題_日常輕鬆閒聊"": ""主播在影片中持續與觀眾聊天互動。"", ""風格_親切友善"": ""主播語氣溫和，笑容甜美，給人親切友善的感覺。"", ""風格_互動熱絡"": ""主播頻繁地閱讀和回應觀眾留言，互動性高。"", ""才藝_歌唱"": ""影片中主播有唱歌的片段，歌聲甜美。""}",૮꒰ྀི⸝⸝ɞ̴̶̷ ·̫ ‹⸝⸝꒱ྀིა  相信時間會給出一切的答案  晚上22.後或凌晨出沒 ___🍒成為我的家人  🏀P.league+ 洋基女孩 #11一暄
5788978,女,純真可愛型,可愛甜美、長髮,歌唱,日常輕鬆閒聊,親切友善、互動熱絡、正能量,整體直播氛圍輕鬆愉快，主播親切可愛，提供音樂陪伴與高互動的體驗。,"{""女性"": ""影片中主播為女性。"", ""外型_可愛甜美"": ""主播的臉部表情和整體妝容呈現可愛甜美的風格。"", ""外型_長髮"": ""主播留著一頭長髮。"", ""純真可愛型"": ""主播的整體氣質自然、無攻擊性，偏甜美且無明顯性感暗示。"", ""才藝_歌唱"": ""影片中主播持續開口唱歌。"", ""主題_日常輕鬆閒聊"": ""主播在唱歌間隙與觀眾進行輕鬆的閒聊。"", ""風格_親切友善"": ""主播在直播中與觀眾互動時語氣溫和，展現親切友善的態度。"", ""風格_互動熱絡"": ""主播頻繁地回應觀眾的留言和禮物，互動熱絡。"", ""風格_正能量"": ""主播在直播中保持笑容，語氣輕快，給人帶來正向的感受。""}",⠀⠀⠀⠀⠀
6885546,女,純真可愛型,可愛甜美、長髮,舞蹈,日常輕鬆閒聊,親切友善、互動熱絡,整體氛圍輕鬆愉快，主播以甜美可愛的形象與觀眾進行高互動的日常陪伴。,"{""女性"": ""影片中主播為女性。"", ""外型_可愛甜美"": ""主播的妝容、髮型和表情都呈現出甜美可愛的特徵。"", ""外型_長髮"": ""主播留著一頭長直髮。"", ""純真可愛型"": ""主播的整體氣質清純，沒有明顯的性感暗示，表情和動作都偏可愛。"", ""風格_親切友善"": ""主播的笑容和眼神交流給人親切友善的感覺。"", ""風格_互動熱絡"": ""主播頻繁地對著鏡頭做出回應和表情，顯示出與觀眾的熱絡互動。"", ""主題_日常輕鬆閒聊"": ""影片中主播主要透過表情和簡單的動作與觀眾互動，沒有特定主題，偏向日常閒聊。"", ""才藝_舞蹈"": ""主播在影片中多次隨著背景音樂擺動身體，展現了舞蹈才藝。""}",喜歡輕鬆聊天的女孩，直播間主打日常輕鬆閒聊，歡迎來一起互動陪伴。
6931534,男,熱情活力型、幽默搞笑型,團體感、少年感、舞台感,團體互動、歌唱、舞台表演,團體聊天、音樂陪伴、日常輕鬆閒聊,互動熱絡、舞台感強、親切友善,男團感強的團體直播，主打舞台表演、成員互動和高能量陪伴。,"{""男性"": ""主播呈現為男性形象。"", ""外型_團體感"": ""整體造型呈現團體感的特徵。"", ""外型_少年感"": ""整體造型呈現少年感的特徵。"", ""外型_舞台感"": ""整體造型呈現舞台感的特徵。"", ""熱情活力型"": ""主播氣質符合熱情活力型。"", ""幽默搞笑型"": ""主播氣質符合幽默搞笑型。"", ""才藝_團體互動"": ""直播內容展現團體互動能力。"", ""才藝_歌唱"": ""直播內容展現歌唱能力。"", ""才藝_舞台表演"": ""直播內容展現舞台表演能力。"", ""主題_團體聊天"": ""直播內容以團體聊天為主要題材。"", ""主題_音樂陪伴"": ""直播內容以音樂陪伴為主要題材。"", ""主題_日常輕鬆閒聊"": ""直播內容以日常輕鬆閒聊為主要題材。"", ""風格_互動熱絡"": ""直播互動呈現互動熱絡的風格。"", ""風格_舞台感強"": ""直播互動呈現舞台感強的風格。"", ""風格_親切友善"": ""直播互動呈現親切友善的風格。""}",H i ！大家好我們是KST-001👑   “KING SO STAR 國王如此耀眼👑”  ————————————— 📹開播時間⏰ 中午第一场12:00-14:30         第二场15:30-18:00    每個月4天休息（會在直播間通知大家） ———————————— 🆔KST-001團员 1號: 鵬鵬🐶 ID: 6716259 3號: 羊羊🐑ID：7044688 6號: 豪豪🐷 ID: 6868332 7號: 輝輝 ☕️ID：7034950 以及宇宙無敵超級爆炸專屬主持人 ！！！考拉🐨  ！！ 💎堅定選擇～就掛上馬甲吧🫶 「KST+主播馬甲+名字」或「名字+主播馬甲」  ———————————— 🎈直播間玩法🎈 200🌊:小舞蹈一支 6000🌊:大轉盤一支（才藝 整蠱 懲罰） 轉盤懲罰1000🌊可救 13140🌊:個人solo+排面舞+感謝特效+禮炮一支 ———————————— 🔴日榜5200🌊加入粉絲群聊 日榜13140🌊加愛播 VX 每月榜前三擁有一支進場特效 每總榜前三擁有一支進場特效
5327191,女,純真可愛型,可愛甜美、長髮、淺色皮膚,歌唱,日常輕鬆閒聊、音樂陪伴,親切友善、互動熱絡、日常陪伴感,整體呈現甜美、親切且互動熱絡的日常陪伴型直播風格。,"{""女性"": ""影片中主播為女性。"", ""外型_可愛甜美"": ""主播外型甜美，臉頰有腮紅，表情可愛。"", ""外型_長髮"": ""主播留著長髮。"", ""外型_淺色皮膚"": ""主播膚色白皙。"", ""純真可愛型"": ""主播整體氣質清純可愛，無明顯性感暗示。"", ""風格_親切友善"": ""主播語氣溫和，面帶微笑，給人親切友善的感覺。"", ""風格_互動熱絡"": ""主播頻繁與觀眾互動，回應留言。"", ""風格_日常陪伴感"": ""主播的直播內容和風格給人日常陪伴的感覺。"", ""主題_日常輕鬆閒聊"": ""主播在影片中主要與觀眾閒聊。"", ""主題_音樂陪伴"": ""直播背景有音樂播放，主播也提到活動與音樂相關。""}",晚上 11 點見 🐼🐼🐼  快來成為程家軍的一員！   ☻︎ ☻︎ ☻ 一起開開心心過好每一天︎   5月17日 生日聚會 好久沒見面了對不對
1731670,女,純真可愛型,可愛甜美、長髮、紋身刺青,互動遊戲,日常輕鬆閒聊、互動遊戲,親切友善、互動熱絡,整體呈現可愛甜美、親切友善且互動熱絡的直播風格。,"{""外型_可愛甜美"": ""主播臉部表情可愛，整體形象甜美。"", ""外型_長髮"": ""主播髮型為長髮。"", ""外型_紋身刺青"": ""主播手臂有紋身刺青。"", ""純真可愛型"": ""主播整體氣質清純可愛，無攻擊性。"", ""風格_親切友善"": ""主播在直播中展現出親切友善的態度。"", ""風格_互動熱絡"": ""主播頻繁與觀眾對話，回應留言。"", ""主題_日常輕鬆閒聊"": ""直播內容主要為輕鬆的日常閒聊。"", ""互動遊戲"": ""主播在直播中進行開箱盲盒的互動遊戲。""}",Now or never - 2024五月新主播；我的馬甲「❤️‍🔥」 - 開播時間：16吧（開啟獨家追蹤😉) or 加入我的課後輔導： 日榜：13140🚬（永久性）
1311300,女,純真可愛型,可愛甜美、長髮,歌唱,日常輕鬆閒聊,親切友善、互動熱絡、正能量,整體直播氛圍輕鬆愉快，主播親切可愛，帶給觀眾正能量和陪伴感。,"{""女性"": ""影片中主播為女性。"", ""外型_可愛甜美"": ""主播外型甜美，臉頰有腮紅特效，整體可愛。"", ""外型_長髮"": ""主播留著長髮。"", ""純真可愛型"": ""主播的表情和動作都顯得清純可愛，沒有任何性感暗示。"", ""才藝_歌唱"": ""主播在多個片段中持續唱歌。"", ""主題_日常輕鬆閒聊"": ""主播在唱歌間隙與觀眾進行輕鬆的閒聊。"", ""風格_親切友善"": ""主播語氣溫和，笑容滿面，給人親切友善的感覺。"", ""風格_互動熱絡"": ""主播頻繁地回應觀眾留言，並與觀眾進行互動。"", ""風格_正能量"": ""主播的笑容和語氣都充滿活力，給人積極正向的感覺。""}",小鹿是綽號呀  你就是我要遇見的 特別的人
6714923,女,純真可愛型,可愛甜美、長髮,歌唱,日常輕鬆閒聊、音樂陪伴,親切友善、日常陪伴感、互動熱絡,整體呈現親切可愛、高互動的日常陪伴型直播氛圍。,"{""女性"": ""影片中主播為女性。"", ""外型_可愛甜美"": ""主播外型甜美可愛，臉頰帶有紅暈。"", ""外型_長髮"": ""主播留著一頭長髮。"", ""純真可愛型"": ""主播的表情和語氣都給人清純可愛的感覺，沒有任何性感暗示。"", ""風格_親切友善"": ""主播在直播中語氣溫和，笑容親切。"", ""風格_日常陪伴感"": ""主播的自我描述提到「輕聲細語的陪伴」和「陪你度過大大的世界」，符合日常陪伴感。"", ""主題_日常輕鬆閒聊"": ""主播在影片中主要與觀眾進行閒聊互動。"", ""主題_音樂陪伴"": ""直播背景有音樂播放，且主播在自我描述中提到「音樂陪伴」。"", ""風格_互動熱絡"": ""主播頻繁回應觀眾留言，互動熱絡。""}",風雨吹坐蝶一輕 與子共談相還盈  喜歡挑戰高難度歌曲｜請君入座 ☺️ 如果不小心破音，就當是現場限定的可愛版本～😘  馬甲：🎼襄語🫧  🦌 LINE 群 日榜 13140  🚀私賴10w  🐇 開播時間（都會做開播預告 不用擔心會錯過我😘） 目前因為事情繁忙所以不定時開播 再請大家見諒🥹 420-28要去大陸的九寨溝～ 所以無法開播😭 每週二晚上固定休播（練歌） 每週五固定休播（廟裡修行）  🎁禮物感謝皆放在IG 追蹤起來不迷路～  😎可以看到你們送禮的帥氣時刻喔！
1203949,女,溫柔療癒型,可愛甜美、長髮,歌唱,音樂陪伴,日常陪伴感、親切友善、情緒真實,整體直播氛圍溫馨，主播以歌聲和真實情感陪伴觀眾。,"{""外型_可愛甜美"": ""主播的臉型和表情給人可愛甜美的感覺。"", ""外型_長髮"": ""主播留著長髮，且有瀏海造型。"", ""才藝_歌唱"": ""影片中有多段主播專注唱歌的片段。"", ""主題_音樂陪伴"": ""主播的直播內容以唱歌為主，提供音樂陪伴。"", ""風格_日常陪伴感"": ""主播的語氣和互動方式給人日常陪伴的親切感。"", ""風格_親切友善"": ""主播在唱歌間隙與觀眾互動，語氣親切友善。"", ""風格_情緒真實"": ""主播在唱歌時表情投入，展現真實情感。""}",直播的意義是能陪你們到老，  而我活著的價值是可以唱到老死。  -  平日19:30-20:00間上播 六日中午12:00 週二週四放假❤️  喜歡唱歌愛唱歌 但唱的很隨意  🎤 x 🎵 x 🎮 x 🦁91譜公關❤️  ———————————————— 工作邀約💌lily.0806.lily@gmail.com  👇🏻聆聽最新作品👇🏻  🔍Youtube KKbox  🔍 單曲「愛轉身離開」 單曲「了了」 ——————-  各位有事聯繫請透過IG❤️  『唯一社交帳號』 IG - yen_lily_  任何問題都會回答 ——————————
1348877,女,溫柔療癒型、情緒真實,氣質清新、長髮、親和自然,聊天互動、情感陪聊,日常輕鬆閒聊、情感陪伴,親切友善、日常陪伴感、情緒真實,溫柔真誠的陪伴型主播，重視相遇與感謝，適合喜歡安定聊天氛圍的觀眾。,"{""女性"": ""主播呈現為女性形象。"", ""外型_氣質清新"": ""整體造型呈現氣質清新的特徵。"", ""外型_長髮"": ""整體造型呈現長髮的特徵。"", ""外型_親和自然"": ""整體造型呈現親和自然的特徵。"", ""溫柔療癒型"": ""主播氣質符合溫柔療癒型。"", ""情緒真實"": ""主播氣質符合情緒真實。"", ""才藝_聊天互動"": ""直播內容展現聊天互動能力。"", ""才藝_情感陪聊"": ""直播內容展現情感陪聊能力。"", ""主題_日常輕鬆閒聊"": ""直播內容以日常輕鬆閒聊為主要題材。"", ""主題_情感陪伴"": ""直播內容以情感陪伴為主要題材。"", ""風格_親切友善"": ""直播互動呈現親切友善的風格。"", ""風格_日常陪伴感"": ""直播互動呈現日常陪伴感的風格。"", ""風格_情緒真實"": ""直播互動呈現情緒真實的風格。""}",📢🎀IG:loveicq  ✨📢粉專:范范Ishtar   心的開始  新的希望   感謝一路有你（妳）  皆さん わざわざ浪liveの  ダウンロードまでして見に来てくださり、  感謝しています。  とても感動しました！  本当にありがとうございます😊   茫茫人海中  謝謝🌊浪 🌊 讓我們相遇      「陪伴 」是最「長情」的「告白」    謝謝願意呵護我的每個你...    讓我每晚陪伴溫暖你的心...    歡迎來到范兒正能量直播間       喜歡范兒的朋友 歡迎掛馬甲    👉🏻👉🏻馬甲格式：🌺土司范兒 🎀🍭XXX    ❤️日刷13140💎進賴群❤️
1212771,女,純真可愛型,可愛甜美、長髮、淺色皮膚,歌唱,日常輕鬆閒聊,親切友善、日常陪伴感、正能量,整體直播氛圍輕鬆愉快，主播以甜美歌聲和親切互動陪伴觀眾。,"{""女性"": ""影片中主播為女性。"", ""外型_可愛甜美"": ""主播的妝容和表情呈現可愛甜美的風格。"", ""外型_長髮"": ""主播留著長髮。"", ""外型_淺色皮膚"": ""主播的膚色偏白。"", ""純真可愛型"": ""主播的整體氣質清純可愛，沒有明顯的性感暗示。"", ""才藝_歌唱"": ""主播在影片中持續唱歌。"", ""主題_日常輕鬆閒聊"": ""主播在唱歌間隙與觀眾進行閒聊互動。"", ""風格_親切友善"": ""主播的語氣和表情都顯得親切友善。"", ""風格_日常陪伴感"": ""主播的直播內容和風格給人日常陪伴的感覺。"", ""風格_正能量"": ""主播的笑容和語氣傳達出積極正向的能量。""}",開播時間：早上10：30，晚上10：30 假日下午1點半  AK是住在北海道的唱聊主播  ❄️❄️❄️❄️❄️❄️  旅居北海道正宗傻白甜👻 堅持每天開播的浪live公務員 歡迎來掛機聊天解任務玩遊戲 聽聽我的中英日台，好歌演唱分享 希望我的陪伴可以溫暖你（妳）的心❤️  🌊🌊🌊🌊🌊🌊  入賴群標準🚀日榜6666，月榜13140🌊 浪粉，賴群，彩勾續群1000🌊 一切以感覺為主 隨陪伴支持情況調整喔🥰  アヤカです！よろしくお願いします🙇
2966424,女,純真可愛型,可愛甜美、長髮,歌唱,日常輕鬆閒聊,互動熱絡、親切友善、日常陪伴感,整體直播氛圍輕鬆愉快，主播親切可愛，提供日常陪伴與音樂享受。,"{""女性"": ""影片中主播為女性。"", ""外型_可愛甜美"": ""主播的妝容和表情給人可愛甜美的感覺。"", ""外型_長髮"": ""主播留著長髮。"", ""純真可愛型"": ""主播的整體氣質自然、甜美，沒有明顯的性感暗示。"", ""才藝_歌唱"": ""影片中主播有多段持續演唱的畫面。"", ""主題_日常輕鬆閒聊"": ""主播在唱歌間隙與觀眾進行閒聊。"", ""風格_互動熱絡"": ""主播頻繁回應觀眾留言，顯示互動熱絡。"", ""風格_親切友善"": ""主播的語氣和表情都顯得親切友善。"", ""風格_日常陪伴感"": ""直播內容以閒聊和唱歌為主，營造出日常陪伴的氛圍。""}",努力奮鬥！ ᵔ.ᵔ 🧺♡̶      日榜   13140 入群玩
5856013,女,嫵媚性感型,長髮、淺色皮膚、豐滿,樂器演奏、歌唱、彈唱,音樂陪伴,互動熱絡、親切友善、正能量,整體呈現性感、親切且充滿正能量的音樂陪伴型直播風格。,"{""女性"": ""影片中主播為女性。"", ""外型_長髮"": ""主播留著長髮。"", ""外型_淺色皮膚"": ""主播皮膚白皙。"", ""外型_豐滿"": ""主播身材豐滿。"", ""嫵媚性感型"": ""主播穿著低胸服裝，露出事業線。"", ""才藝_樂器演奏"": ""主播在影片中演奏古箏。"", ""才藝_歌唱"": ""主播在影片中唱歌。"", ""才藝_彈唱"": ""主播在影片中同時演奏古箏並唱歌。"", ""主題_音樂陪伴"": ""直播內容以音樂演奏和唱歌為主，提供音樂陪伴。"", ""風格_互動熱絡"": ""主播在影片中頻繁與觀眾互動，回應留言。"", ""風格_親切友善"": ""主播在影片中展現親切友善的態度。"", ""風格_正能量"": ""主播在影片中展現笑容，給人正能量的感覺。""}",🌱🌱🌱🌱🌱🌱🌱🐍🐍🐍🌱🌱🌱🌱🌱🌱🌱  快穿好宛宛老師的馬甲制服：「🌱宛宛🌞XXX」  你若不穿！宛宛老師幫你穿 🤭  🌞當日日榜6666🌞馬上進入「浪群教室」 （每個月讓跟播LV.6 紅色❤️的同學，有機會加入家族，請大家常常跟宛宛老師互動唷）  🌞累積月榜22222🌞進入「line的會議室」 (🌱每月優惠續群8888🌱）  🌞宛宛的私LINE ，當日單次100K解鎖🌞  ⭐家族很多紅包，每個晚上不定時發⭐  ❤️浪上人言可畏，能遇到真心的你跟我多不容易❤️  ❤️選擇善良的我們，會一直一起相互扶持跟陪伴❤️  ❣️同學們~~跟宛宛老師 一起上課囉~~~❤️  ig:  wan_yun03♥️♥️ （歡迎介紹專業古箏教學、古箏商業演出）   🌱🌱🌱🌱🌱🌱🌱🐍🐍🌱🌱🌱🌱🌱🌱🌱
1795070,女,純真可愛型,可愛甜美、長髮,歌唱,日常輕鬆閒聊,親切友善、互動熱絡、日常陪伴感,整體直播氛圍輕鬆愉快，主播以甜美親切的形象與觀眾互動，提供音樂陪伴。,"{""女性"": ""影片中主播為女性。"", ""外型_可愛甜美"": ""主播的妝容和表情呈現甜美可愛的風格。"", ""外型_長髮"": ""主播留著一頭長髮。"", ""純真可愛型"": ""主播的整體氣質自然、無攻擊性，偏甜美且無明顯性感暗示。"", ""才藝_歌唱"": ""影片中主播多次開口唱歌。"", ""主題_日常輕鬆閒聊"": ""主播在唱歌間隙與觀眾進行閒聊互動。"", ""風格_親切友善"": ""主播的語氣和表情顯示出親切友善的態度。"", ""風格_互動熱絡"": ""主播頻繁地回應觀眾留言，展現高度互動性。"", ""風格_日常陪伴感"": ""直播內容輕鬆，主播與觀眾的互動模式給人日常陪伴的感覺。""}",（）📢   破億（-1411w)
6578945,女,純真可愛型,可愛甜美、長髮、淺色皮膚、韓系,歌唱,日常輕鬆閒聊、吃播、音樂陪伴,親切友善、互動熱絡,整體呈現甜美可愛、親切友善且互動熱絡的日常陪伴型直播風格。,"{""女性"": ""影片中主播為女性。"", ""外型_可愛甜美"": ""主播外型甜美可愛，臉頰有腮紅特效。"", ""外型_長髮"": ""主播留著一頭長髮。"", ""外型_淺色皮膚"": ""主播膚色白皙。"", ""外型_韓系"": ""主播的妝容和穿搭風格偏韓系。"", ""純真可愛型"": ""主播整體氣質清純可愛，沒有攻擊性。"", ""風格_親切友善"": ""主播在影片中展現出親切友善的表情和互動。"", ""風格_互動熱絡"": ""主播頻繁地對鏡頭做出回應和表情，顯示與觀眾互動熱絡。"", ""主題_日常輕鬆閒聊"": ""主播在影片中說話，內容為日常閒聊。"", ""吃播"": ""主播在影片中吃麵，有咀嚼和吞嚥的動作。"", ""主題_音樂陪伴"": ""影片背景有音樂播放，提供音樂陪伴氛圍。""}",ღ 一起把我的頁面佈置得漂漂亮亮的 ღ  ⋆｡˚✩☁︎︎⋆｡˚✩☁︎︎⋆｡˚✩☁︎︎⋆｡˚✩☁︎︎⋆⋆｡˚✩☁︎︎⋆｡˚✩☁︎︎⋆｡˚✩☁︎︎⋆｡˚
5154872,女,嫵媚性感型、熱情活力型,可愛甜美、長髮、淺色皮膚、豐滿,歌唱,日常輕鬆閒聊,互動熱絡、親切友善,整體直播氛圍甜美活潑，主播熱情且互動性高，帶有性感的魅力。,"{""女性"": ""影片中明確可見主播為女性。"", ""外型_可愛甜美"": ""主播的妝容和表情甜美可愛。"", ""外型_長髮"": ""主播留著一頭長髮。"", ""外型_淺色皮膚"": ""主播的膚色白皙。"", ""外型_豐滿"": ""主播穿著低胸服裝，展現豐滿身材。"", ""嫵媚性感型"": ""主播穿著低胸服裝，展現事業線，具有誘惑性。"", ""才藝_歌唱"": ""影片中主播多次開口唱歌。"", ""主題_日常輕鬆閒聊"": ""主播在唱歌間隙與觀眾進行日常閒聊。"", ""風格_互動熱絡"": ""主播頻繁回應觀眾留言，互動熱絡。"", ""熱情活力型"": ""主播在直播中表現出熱情洋溢的態度。"", ""風格_親切友善"": ""主播語氣親切，對觀眾友善。""}",平日AM11:00左右開播 假日不定時 ❤️日榜9420入群 每月3344續群❤️  Ig:moon.moonriver 回訊息時間：白天
6435286,女,純真可愛型,可愛甜美、長髮,歌唱,日常輕鬆閒聊,親切友善、互動熱絡、日常陪伴感,整體呈現甜美親切、高互動的日常陪伴型直播氛圍。,"{""女性"": ""主播為女性。"", ""外型_可愛甜美"": ""主播外型甜美可愛。"", ""外型_長髮"": ""主播留著長髮。"", ""純真可愛型"": ""主播整體氣質清純可愛，無攻擊性。"", ""才藝_歌唱"": ""影片中有多段主播持續演唱的片段。"", ""主題_日常輕鬆閒聊"": ""主播在唱歌間隙與觀眾進行輕鬆閒聊。"", ""風格_親切友善"": ""主播語氣溫和，對觀眾表現出親切友善的態度。"", ""風格_互動熱絡"": ""主播頻繁回應觀眾留言，互動熱絡。"", ""風格_日常陪伴感"": ""主播的直播內容和風格給人日常陪伴的感覺。""}",愛唱歌的🎤蘿  出沒時間：一～日：晚11:30-3:00 週六公休 會不定時開播，設獨家追蹤不錯過歐🙌🏻
6873498,女,純真可愛型,可愛甜美、長髮,歌唱,日常輕鬆閒聊,親切友善、互動熱絡、正能量,整體直播氛圍輕鬆愉快，主播以甜美歌聲和親切互動陪伴觀眾。,"{""女性"": ""影片中主播為女性"", ""外型_可愛甜美"": ""主播臉頰有腮紅，整體妝容和表情甜美可愛"", ""外型_長髮"": ""主播留著長髮"", ""純真可愛型"": ""主播的表情和妝容給人清純可愛的感覺，沒有明顯的性感暗示"", ""才藝_歌唱"": ""影片中主播多次開口唱歌，且持續演唱"", ""主題_日常輕鬆閒聊"": ""主播在唱歌間隙與觀眾進行日常閒聊"", ""風格_親切友善"": ""主播語氣溫和，表情親切，給人友善的感覺"", ""風格_互動熱絡"": ""主播頻繁地看著螢幕並回應觀眾留言，互動熱絡"", ""風格_正能量"": ""主播在直播中展現出積極樂觀的態度""}",🌸 自然系女孩 喜歡小朋友的幼兒園老師 🐱 喜歡貓咪、美食、生活分享 💬 平日 晚上10:30-11:30聽我唱歌、聊心事、說好玩的事 💖 療癒你的不只是聲音，還有我 📍 喜歡我，記得按關注，不然下次找不到我喔～  Line： @314qkmlf  10月13日的天秤座女生
5851092,女,嫵媚性感型,可愛甜美、純慾系、長髮、淺色皮膚、豐滿,歌唱,音樂陪伴,日常陪伴感,整體呈現甜美溫柔的音樂陪伴型直播氛圍。,"{""女性"": ""影片中主播為女性。"", ""外型_可愛甜美"": ""主播的臉部表情和整體妝容呈現甜美可愛的風格。"", ""外型_純慾系"": ""主播的穿著和神態在甜美中帶有一絲誘惑感。"", ""外型_長髮"": ""主播留著一頭長髮。"", ""外型_淺色皮膚"": ""主播的膚色白皙。"", ""外型_豐滿"": ""主播的胸部線條明顯，顯示身材豐滿。"", ""嫵媚性感型"": ""主播穿著低胸上衣，露出事業線，具有性感誘惑的特徵。"", ""才藝_歌唱"": ""影片中主播持續演唱歌曲。"", ""主題_音樂陪伴"": ""主播以唱歌為主，提供音樂陪伴的內容。"", ""風格_日常陪伴感"": ""主播的直播氛圍輕鬆，適合日常陪伴。""}",你讀這句話的時候屬於我 ♡
6849984,女,純真可愛型,可愛甜美、長髮,歌唱,日常輕鬆閒聊、音樂陪伴,親切友善、互動熱絡,整體直播氛圍輕鬆愉快，主播以甜美親切的形象與觀眾進行高互動的音樂閒聊。,"{""外型_可愛甜美"": ""主播的臉部表情和整體妝容呈現可愛甜美的風格。"", ""外型_長髮"": ""主播留著一頭長髮，髮型多變但長度一致。"", ""純真可愛型"": ""主播的穿著和舉止都顯得清純可愛，沒有任何性感暗示。"", ""風格_親切友善"": ""主播在直播中語氣溫和，笑容滿面，給人親切友善的感覺。"", ""風格_互動熱絡"": ""主播頻繁地與觀眾互動，回應留言並進行對話。"", ""主題_日常輕鬆閒聊"": ""直播內容大部分是與觀眾的輕鬆閒聊，討論日常話題。"", ""主題_音樂陪伴"": ""直播中持續播放背景音樂，主播也會唱歌，提供音樂陪伴。"", ""才藝_歌唱"": ""主播在多個片段中開口唱歌，歌聲清晰且持續。""}",哈嚕 泥好哇.ᐟ.ᐟ 謝謝泥找到了我 ՞•･•՞  平日9.後開播～～假日隨緣 🐈‍⬛日榜13140入賴群🐾 🐈‍⬛續群禮6666🐾   靠近我 我就是晴天💓  一起加入貓貓家族｜🐈‍⬛晉辣🐾
4475935,女,純真可愛型,可愛甜美、長髮,歌唱,日常輕鬆閒聊,親切友善、互動熱絡、日常陪伴感,整體直播氛圍溫馨，主播可愛親切，提供高互動的日常陪伴。,"{""女性"": ""影片中主播為女性。"", ""外型_可愛甜美"": ""主播外型甜美可愛。"", ""外型_長髮"": ""主播留著長髮。"", ""純真可愛型"": ""主播整體氣質清純可愛，無攻擊性。"", ""才藝_歌唱"": ""主播在多個片段中持續唱歌。"", ""主題_日常輕鬆閒聊"": ""主播在影片中與觀眾進行日常閒聊。"", ""風格_親切友善"": ""主播語氣溫柔，對觀眾親切友善。"", ""風格_互動熱絡"": ""主播頻繁回應觀眾留言，互動熱絡。"", ""風格_日常陪伴感"": ""主播的直播內容和風格給人日常陪伴的感覺。""}",嗨👋！ 📌覺得我還不錯的可以掛上我的馬甲 入賴群成為我的家人😽 不定時辦群聚一起來玩🧡   🧸賴群🧸 📌日榜13140🌊 （有達標者若我忘記詢問入不入群，可浪私我🥹）
6091822,女,純真可愛型,可愛甜美、長髮、淺色皮膚、紋身刺青,歌唱,日常輕鬆閒聊,互動熱絡、親切友善、日常陪伴感,整體直播氛圍溫馨舒適，主播甜美親切，適合日常陪伴。,"{""女性"": ""影片中主播為女性。"", ""外型_可愛甜美"": ""主播外型甜美可愛，笑容溫柔。"", ""外型_長髮"": ""主播留著長髮。"", ""外型_淺色皮膚"": ""主播皮膚白皙。"", ""外型_紋身刺青"": ""主播手臂有紋身。"", ""純真可愛型"": ""主播整體氣質清純可愛，無攻擊性。"", ""才藝_歌唱"": ""影片中主播多次開口唱歌，歌聲動聽。"", ""主題_日常輕鬆閒聊"": ""主播在唱歌間隙與觀眾閒聊，內容輕鬆。"", ""風格_互動熱絡"": ""主播頻繁回應觀眾留言，互動積極。"", ""風格_親切友善"": ""主播語氣溫柔，態度親切。"", ""風格_日常陪伴感"": ""主播的直播內容和風格給人日常陪伴的感覺。""}",開播時間 設置獨追 🤍 每月業績250w 加油🫶🏻 🤍 ♡ 4月23日晚上見 ♡   2026心願 💚希望能破一次榮耀💚 心懷感恩，所遇皆溫柔 溫柔善待彼此🥰
6947199,女,純真可愛型,可愛甜美、長髮,歌唱,日常輕鬆閒聊、音樂陪伴,親切友善、互動熱絡、正能量,整體直播氛圍輕鬆愉快，主播以甜美親切的形象與觀眾進行高互動的音樂陪伴。,"{""女性"": ""影片中主播為女性。"", ""外型_可愛甜美"": ""主播的臉部表情和整體形象給人可愛甜美的感覺。"", ""外型_長髮"": ""主播留著一頭長髮。"", ""純真可愛型"": ""主播的整體氣質自然、無攻擊性，偏甜美且沒有明顯的性感暗示。"", ""風格_親切友善"": ""主播在直播中語氣溫和，笑容滿面，展現出親切友善的態度。"", ""風格_互動熱絡"": ""主播頻繁地回應觀眾留言，並與觀眾進行對話，互動熱絡。"", ""風格_正能量"": ""主播在直播中展現出積極樂觀的情緒，並透過笑容傳遞正能量。"", ""主題_日常輕鬆閒聊"": ""主播在多個片段中與觀眾進行日常的輕鬆閒聊。"", ""主題_音樂陪伴"": ""直播中播放背景音樂，主播也唱歌，提供音樂陪伴。"", ""才藝_歌唱"": ""主播在多個片段中開口唱歌，且持續演唱。""}",6月盛典補位 需要你 你說我有狗狗眼 個性卻像一隻貓  12:30｜21:30 愛一朵花最好的方式是陪她盛開 時間會給每一個用心的人 最好的回響  寵出來的榮耀💛 2025.02.28 新生代爭霸 No.6 2025.03.12星浪列車緋紅星軌 No.3 2025.04.14 首季季度大賞 No.2  私 line｜10w 🌊 賴群｜日榜 13140（續 3344）🌊
5249225,女,純真可愛型,可愛甜美、長髮,歌唱,日常輕鬆閒聊,親切友善、互動熱絡、日常陪伴感,整體直播氛圍輕鬆愉快，主播可愛親切，提供高互動的日常陪伴。,"{""女性"": ""影片中主播為女性。"", ""外型_可愛甜美"": ""主播外型甜美可愛。"", ""外型_長髮"": ""主播留著長髮。"", ""純真可愛型"": ""主播整體氣質清純可愛，無明顯性感暗示。"", ""才藝_歌唱"": ""影片中主播有開口唱歌。"", ""主題_日常輕鬆閒聊"": ""主播在影片中與觀眾進行閒聊。"", ""風格_親切友善"": ""主播語氣親切，與觀眾互動友善。"", ""風格_互動熱絡"": ""主播頻繁回應觀眾留言，互動熱絡。"", ""風格_日常陪伴感"": ""主播的直播內容和互動方式給人日常陪伴的感覺。""}",請愛護小螃蟹🦀             喜歡唱歌🎤   謝謝你喜歡我的歌聲而停留🎵          ⏰開播時間 早上12:30  晚上19:30          「活動或有事以行事曆為主」    📌ig👉🏻mini_fei2020
2316609,女,純真可愛型,可愛甜美、長髮、淺色皮膚,歌唱,日常輕鬆閒聊,親切友善、互動熱絡、日常陪伴感,整體呈現甜美、親切且高互動的日常陪伴型直播氛圍。,"{""女性"": ""影片中主播為女性。"", ""外型_可愛甜美"": ""主播臉頰泛紅，表情甜美，給人可愛甜美的感覺。"", ""外型_長髮"": ""主播留著一頭長髮。"", ""外型_淺色皮膚"": ""主播皮膚白皙。"", ""純真可愛型"": ""主播整體氣質自然、無攻擊性，偏甜美，無明顯性感暗示。"", ""才藝_歌唱"": ""影片中主播多次開口唱歌。"", ""主題_日常輕鬆閒聊"": ""主播在唱歌間隙與觀眾進行輕鬆的閒聊。"", ""風格_親切友善"": ""主播語氣溫和，表情友善，給人親切的感覺。"", ""風格_互動熱絡"": ""主播頻繁地與觀眾互動，回應留言。"", ""風格_日常陪伴感"": ""主播的直播內容和風格給人一種日常陪伴的感覺。""}",🌿 ᵕ̈ 🧁開播時間21:30-00:00ꔛ✨  這裡只做開心理性的互動☺️ 情緒內容會選擇不回覆喔~謝謝理解🤍  I choose to be happy🌼🌼🌼  日榜33440💍可入小檸萌專屬ʟ ɪ ɴ ᴇ群🎉 喜歡我歡迎掛上馬甲 🍭小檸萌ꔛ🍋 ɪ ᴅ  ғ ʙ粉專🔍小檸萌Albee  🧜🏻‍♀️ɪ ɢ 🔍sweetie_albee
1951761,女,純真可愛型、溫柔療癒型,可愛甜美、親和自然,聊天互動、情感陪聊,日常輕鬆閒聊、情感陪伴,親切友善、日常陪伴感,真誠可愛的日常陪伴型主播，適合想輕鬆認識新朋友和聊天的觀眾。,"{""女性"": ""主播呈現為女性形象。"", ""外型_可愛甜美"": ""整體造型呈現可愛甜美的特徵。"", ""外型_親和自然"": ""整體造型呈現親和自然的特徵。"", ""純真可愛型"": ""主播氣質符合純真可愛型。"", ""溫柔療癒型"": ""主播氣質符合溫柔療癒型。"", ""才藝_聊天互動"": ""直播內容展現聊天互動能力。"", ""才藝_情感陪聊"": ""直播內容展現情感陪聊能力。"", ""主題_日常輕鬆閒聊"": ""直播內容以日常輕鬆閒聊為主要題材。"", ""主題_情感陪伴"": ""直播內容以情感陪伴為主要題材。"", ""風格_親切友善"": ""直播互動呈現親切友善的風格。"", ""風格_日常陪伴感"": ""直播互動呈現日常陪伴感的風格。""}",真誠要留給同樣真誠的人♡ 緣份，讓我們遇見 ♡ 珍惜所有疼愛我的 ♡    快來認識我～😽                                                                                                              🌊主播Line群: 13140 💎                                                                     出沒時段 晚上7:00-2:00                                                  其他時間不定時出沒 喵  喜歡主播可掛馬甲 🌸小糖糖🐰
1374131,女,純真可愛型,長髮,樂器演奏、歌唱、主持能力,音樂陪伴,親切友善、日常陪伴感,整體氛圍溫馨，提供音樂陪伴和親切互動的直播體驗。,"{""女性"": ""影片中主播為女性。"", ""外型_長髮"": ""主播留著長髮。"", ""才藝_樂器演奏"": ""影片中主播在彈奏鋼琴。"", ""才藝_歌唱"": ""影片中主播在唱歌。"", ""才藝_主持能力"": ""主播自我描述中提到是婚禮、廟會、各式商演主持彈唱樂手。"", ""主題_音樂陪伴"": ""直播內容以音樂演奏和歌唱為主，提供音樂陪伴。"", ""風格_親切友善"": ""主播在影片中展現出親切的笑容和語氣。"", ""風格_日常陪伴感"": ""主播的直播內容和風格給人日常陪伴的感覺。""}",👑療癒系彈唱歌姬｜莎卡SaKa🎹  🌻 已陪你們唱歌第9年   來這裡，放鬆一下就好💖   有我在，慢慢聽歌就好🥰  🎤 婚禮｜尾牙｜商演主持歌手   ☕ 莎瓦咖啡｜品牌企劃監製    ✨你可以在這裡✨   ▪ 點歌 🎶   ▪ 聊天 💬   ▪ 放空 🌙    💖喜歡就留下來陪我✨   💖加入莎卡宇宙   💖卡寶｜莎卡🎹＋名字    📍台南｜全台接案   📩 合作邀約｜IG私訊    IG｜sakamusicband  網址https:www.sawa8.com
4931249,女,純真可愛型、熱情活力型,可愛甜美、長髮,歌唱、舞蹈,日常輕鬆閒聊,互動熱絡、親切友善,整體直播氛圍活潑開朗，主播親切可愛，擅長與觀眾互動，並透過歌舞帶來歡樂。,"{""外型_可愛甜美"": ""主播的臉部表情和整體妝容呈現甜美可愛的風格。"", ""外型_長髮"": ""主播留著一頭長髮。"", ""純真可愛型"": ""主播的氣質自然，沒有攻擊性，且表情甜美，沒有明顯的性感暗示。"", ""才藝_歌唱"": ""多個片段中主播持續開口唱歌。"", ""才藝_舞蹈"": ""多個片段中主播有隨音樂擺動身體，展現舞蹈動作。"", ""主題_日常輕鬆閒聊"": ""主播在多個片段中與觀眾進行日常閒聊。"", ""風格_互動熱絡"": ""主播頻繁地回應觀眾留言，並與觀眾進行對話。"", ""熱情活力型"": ""主播在直播中表現出高度的熱情和活力。"", ""風格_親切友善"": ""主播的語氣和態度都非常親切友善。""}",✨願我們在浪上保持善良玩得盡興✨ 💛  出沒時間 早 09:00｜不定時晚 22:30 （以預告為主）  💛會唱歌會跳舞 愛笑的小獅子💛 你們不要那麼搞笑 我的魚尾紋要跑出來了 放心做自己 好好愛自己  珍惜 感恩🥹   做我的家人✨ 馬甲：💃🏻水母🪼+名字   🌊Line群 日榜13140浪花🌊 🌊私Line 日榜100000浪花🌊   💼 健康管理師   🎵  原來孤獨 是想哭卻又不想矚目 是努力融入但你還 常常感覺自己格格不入 是不想辜負了期待 你卻又感覺束縛 唯一的安撫 是知道世界之大 這一刻和你一樣 感到孤獨的 無數  🍀
1249595,男,外型_帥氣有型,少年感、短髮、帥氣有型,聊天互動,日常輕鬆閒聊、ASMR,日常陪伴感,整體呈現帥氣有型的日常陪伴型直播風格，伴隨ASMR音效。,"{""男性"": ""影片中主播為男性。"", ""外型_少年感"": ""主播的髮型和穿搭風格呈現出少年感。"", ""外型_短髮"": ""主播的髮型為短髮。"", ""外型_帥氣有型"": ""主播的穿搭和髮型顯得帥氣有型。"", ""風格_日常陪伴感"": ""主播的直播內容和互動方式給人日常陪伴的感覺。"", ""主題_日常輕鬆閒聊"": ""主播在影片中主要進行輕鬆的閒聊。"", ""主題_ASMR"": ""影片中持續出現ASMR音效。""}",🦉開播時間🌤 每日晚間11點至半夜12半開播（沒開就是休息😪） 其他時間不定時開播
5330721,女,純真可愛型、幽默搞笑型,可愛甜美、長髮,歌唱,日常輕鬆閒聊,互動熱絡、親切友善,整體直播氛圍輕鬆愉快，主播親切可愛，與觀眾互動頻繁。,"{""女性"": ""影片中主播為女性。"", ""外型_可愛甜美"": ""主播外型甜美，笑容可愛。"", ""外型_長髮"": ""主播留著長髮。"", ""純真可愛型"": ""主播整體氣質清純，無攻擊性。"", ""才藝_歌唱"": ""影片中主播多次開口唱歌。"", ""主題_日常輕鬆閒聊"": ""主播在影片中與觀眾進行閒聊。"", ""風格_互動熱絡"": ""主播頻繁回應觀眾留言，互動熱絡。"", ""幽默搞笑型"": ""主播在對話中展現幽默感，引發笑聲。"", ""風格_親切友善"": ""主播語氣溫和，態度親切。""}",👩‍🎓高醫心理系 智障型歌唱主播  —龍發堂2026榮譽牆— MAR. 星浪列車 第一回合中階組 Top.4 🏅3月百大主播🏅  馬甲：龍龍🐕の____   日榜7777｜週榜13140可入群 每月需維持家族7k
2190058,女,純真可愛型,可愛甜美、長髮,歌唱、舞蹈,日常輕鬆閒聊,互動熱絡、親切友善、日常陪伴感,整體氛圍輕鬆愉快，主播以甜美親切的形象與觀眾進行高互動的日常陪伴型直播。,"{""女性"": ""影片中主播為女性。"", ""外型_可愛甜美"": ""主播臉型圓潤，表情甜美可愛。"", ""外型_長髮"": ""主播留著長髮。"", ""純真可愛型"": ""主播的妝容和表情都顯得清純可愛，沒有任何性感暗示。"", ""才藝_歌唱"": ""影片中主播多次開口唱歌，歌聲甜美。"", ""才藝_舞蹈"": ""主播在唱歌時會隨著音樂輕微擺動身體和手部。"", ""主題_日常輕鬆閒聊"": ""主播在唱歌間隙會與觀眾閒聊，回答問題。"", ""風格_互動熱絡"": ""主播頻繁地看著鏡頭，並回應觀眾的留言，互動性高。"", ""風格_親切友善"": ""主播的笑容和語氣都非常親切友善。"", ""風格_日常陪伴感"": ""主播的直播內容輕鬆日常，給人一種陪伴感。""}",開播時間 上午10:00-12:00 下午15:00-18:00 以歌為伴，以心相遇，很高興在這裡用聲音和你相識。 人間一趟，積極向上，山水萬程皆好運🥳                                    只生歡喜，不生愁❤️ 今天也是超級幸運的一天🥰
6650088,女,純真可愛型,長髮、淺色皮膚,歌唱,音樂陪伴、日常輕鬆閒聊,日常陪伴感、親切友善,整體氛圍輕鬆溫馨，適合日常陪伴。,"{""女性"": ""影片中主播為女性。"", ""外型_長髮"": ""主播留著長髮。"", ""外型_淺色皮膚"": ""主播膚色白皙。"", ""純真可愛型"": ""主播的整體氣質自然、無攻擊性，偏甜美。"", ""才藝_歌唱"": ""影片中主播持續演唱歌曲。"", ""主題_音樂陪伴"": ""直播內容以音樂演唱為主，提供陪伴感。"", ""主題_日常輕鬆閒聊"": ""主播在唱歌間隙與觀眾進行輕鬆閒聊。"", ""風格_日常陪伴感"": ""主播的直播時間固定在晚上，給人日常陪伴的感覺。"", ""風格_親切友善"": ""主播在直播中與觀眾互動，語氣親切。""}",相遇靠緣分 相守靠人心 獨寵是偏愛   直播時間 10：30 對唷是早上🤣 努力養身體  馬甲：🅿️_______
1002733,女,純真可愛型,可愛甜美、長髮、淺色皮膚,歌唱,音樂陪伴,日常陪伴感,整體呈現溫柔療癒的音樂陪伴型直播風格。,"{""女性"": ""影片中主播為女性。"", ""外型_可愛甜美"": ""主播的妝容和穿著風格可愛甜美。"", ""外型_長髮"": ""主播留著長髮。"", ""外型_淺色皮膚"": ""主播的膚色偏白。"", ""純真可愛型"": ""主播的整體氣質清純可愛，沒有明顯的性感暗示。"", ""才藝_歌唱"": ""主播在多個片段中持續唱歌。"", ""主題_音樂陪伴"": ""主播的直播內容主要圍繞著唱歌，提供音樂陪伴。"", ""風格_日常陪伴感"": ""主播的直播氛圍輕鬆，適合日常陪伴。""}",IG｜anan628 IG・FB求追蹤🥰  有理想｜有目標｜全力以赴 我在這裡發光，也希望你陪我一起✨  願好運一直站在我這邊 也降臨在每一個支持我的你🍀  Line群門檻🐱 月榜4萬浪花（年續費13140）  Line群福利💛 ① 每年專屬聚會 ② 單場滿5萬浪花｜當日穿搭照 ③ 幕後花絮・私藏照片分享
3612527,女,純真可愛型,長髮、淺色皮膚,歌唱,日常輕鬆閒聊,親切友善、互動熱絡,整體氛圍輕鬆愉快，主播親切地與觀眾互動並分享生活。,"{""外型_長髮"": ""主播留著一頭長髮。"", ""外型_淺色皮膚"": ""主播膚色白皙。"", ""風格_親切友善"": ""主播在影片中語氣溫和，面帶微笑，展現親切友善的態度。"", ""風格_互動熱絡"": ""主播頻繁地回應觀眾留言，並與觀眾進行對話。"", ""主題_日常輕鬆閒聊"": ""主播在影片中主要與觀眾閒聊，分享生活點滴。"", ""才藝_歌唱"": ""主播在影片中多次開口唱歌。""}",5月17日群聚 歡迎來參加💕💕 群聚門檻66666💎  主播缺家人和守護🥹   ✨開播時間：晚上10：30之後   ✨歡迎當我的家人：穎晞❄️+你的名字  line群 日榜13140💎（不用續費） 主播的私line 日榜十萬💎  ✨主播的溫泉花浴寫真書✨日榜10萬💎 （超性感😳）
5005234,男,外型_帥氣有型,韓系、帥氣有型,歌唱,日常輕鬆閒聊、音樂陪伴,日常陪伴感、親切友善、互動熱絡,整體氛圍輕鬆愉快，是個帥氣有型的音樂陪伴型主播。,"{""男性"": ""主播為男性。"", ""外型_韓系"": ""主播的髮型和穿搭風格符合韓系特徵。"", ""外型_帥氣有型"": ""主播外型帥氣有型。"", ""風格_日常陪伴感"": ""主播在直播中與觀眾閒聊，營造日常陪伴感。"", ""風格_親切友善"": ""主播語氣溫和，對觀眾親切友善。"", ""風格_互動熱絡"": ""主播頻繁回應觀眾留言，互動熱絡。"", ""主題_日常輕鬆閒聊"": ""直播內容多為輕鬆的日常閒聊。"", ""主題_音樂陪伴"": ""直播中包含唱歌環節，提供音樂陪伴。"", ""才藝_歌唱"": ""主播在多個片段中持續唱歌。""}",🇹🇼🇰🇷 每天晚上10點15見～ 週日晚上12點講睡前故事📖  2020-9月主播 星夢學院第8期：第一名🥇(錡) 年度盛典新秀：第一名🥇(滴) 2021 4月男神：第三名🥉(Law) 2022 5月達人：第三名🥉(海) 10月男神：第二名🥈(姐.海) 年度盛典男神：第三名🥉(海) 2023 3月藝能：第二名🥈(海) 4月藝能：第三名🥉(海) 5月娛樂：第一名🥇(海) 6月男神：第二名🥈(紫.海) 10月男神：第三名🥉(海) 10月人氣當紅組：第一名🥇(海) 2024 10月男神：第二名🥈(海） 11月男神：第三名🥉(海) 12月男神：第三名🥉(海) 年度盛典當紅組：第三名🥉(海) 2025 5月金曲明星組：第一名🥇(海） 6月男神：第三名🥉(海） 7月男神：第三名🥉(海.貝) 9月男神：第三名🥉(貝.海) 10月男神：第三名🥉(海） 10月人氣中階組：第一名🥇(海） 10月金曲明星組：第三名🥉(海） 11月男神：第三名🥉(海） 12月男神：第三名🥉(海） 年度盛典當紅組：第二名🥈(海） 2026 2月男神：第三名🥉(海）
5710544,男,親切暖男型,少年感、短髮,舞蹈,日常輕鬆閒聊,親切友善、互動熱絡,整體呈現幽默、親切且互動性高的直播氛圍。,"{""男性"": ""影片中主播為男性。"", ""外型_少年感"": ""主播的臉部特徵和髮型給人一種年輕、活潑的少年感。"", ""外型_短髮"": ""主播的頭髮長度較短。"", ""風格_親切友善"": ""主播在直播中頻繁與觀眾互動，語氣親切。"", ""風格_互動熱絡"": ""主播多次回應觀眾留言，並邀請觀眾參與互動。"", ""主題_日常輕鬆閒聊"": ""主播在影片中主要與觀眾進行閒聊。"", ""才藝_舞蹈"": ""主播在影片中多次隨音樂擺動身體，進行簡單的舞蹈動作。""}",🎊歡迎各位加入〔JZBOY〕🎊 🧧紅包設置🧧 1號家族／3號1k／10號5k／20號10k 🎈JZ互動玩法🎈 200🌊=小舞蹈（20秒-30秒）  🎯轉盤🎯 遊戲內容有（懲罰／才藝／遊戲）   6千轉盤／13140浪點殺轉盤 ❗️轉到懲罰❗️ 13140直接救主播／2千浪可轉移他人 （需要對方同意，才能轉移） 🎯對嘟轉盤🎯 6666浪可選擇一個想要的項目 未選到安慰獎10支小舞蹈 💴存票規則💴 單場10萬浪存三天，定下場規則（需討論確定） ⚠️溫馨提示⚠️ 主播（受傷／請假／特殊狀況）主播＆玩家＆主持，確認存票（不論大小）由主持最後決定 ………………………………………………………………   ～開播時段～ 第一場19:00～21:00，第二場22:00～1:00 沒有開播，就是休播（月休4天，會在開播時段通知） …………………………………………………………. JZBOY成員 1號：火火🔥 6974340 2號：一鳴🐉6793577 3號：十三 ✨️7015025
4807500,女,純真可愛型,可愛甜美、長髮、眼鏡,歌唱,日常輕鬆閒聊,親切友善、日常陪伴感、正能量,整體氛圍輕鬆愉快，主播以甜美親切的形象提供日常陪伴和歌唱表演。,"{""女性"": ""影片中主播為女性。"", ""外型_可愛甜美"": ""主播外型甜美可愛。"", ""外型_長髮"": ""主播留著長髮。"", ""外型_眼鏡"": ""主播戴著眼鏡。"", ""純真可愛型"": ""主播整體氣質清純可愛，無攻擊性。"", ""才藝_歌唱"": ""影片中主播有持續唱歌的片段。"", ""主題_日常輕鬆閒聊"": ""主播在影片中與觀眾進行輕鬆閒聊。"", ""風格_親切友善"": ""主播的語氣和表情給人親切友善的感覺。"", ""風格_日常陪伴感"": ""主播的直播內容和風格給人日常陪伴的感覺。"", ""風格_正能量"": ""主播的自我描述「存一點希望 睡一個好覺 笑一次真心」以及直播氛圍傳達正能量。""}",ㅤ
1899878,女,純真可愛型,可愛甜美、長髮、紋身刺青,歌唱,日常輕鬆閒聊、ASMR,親切友善、互動熱絡、日常陪伴感,整體呈現甜美、親切且帶有ASMR元素的陪伴型直播風格。,"{""外型_可愛甜美"": ""主播臉頰有明顯腮紅，整體妝容和表情呈現可愛甜美風格。"", ""外型_長髮"": ""主播留著長髮，並將部分頭髮紮起。"", ""外型_紋身刺青"": ""主播手臂有明顯的紋身。"", ""純真可愛型"": ""主播的表情和妝容呈現清純可愛的風格，沒有明顯的性感暗示。"", ""才藝_歌唱"": ""影片中主播持續演唱歌曲。"", ""主題_日常輕鬆閒聊"": ""主播在影片中與觀眾進行輕鬆的閒聊。"", ""風格_親切友善"": ""主播的語氣和表情都顯得親切友善。"", ""風格_互動熱絡"": ""主播頻繁回應觀眾留言，並與觀眾互動。"", ""風格_日常陪伴感"": ""主播的直播內容和風格給人一種日常陪伴的感覺。"", ""主題_ASMR"": ""影片中主播有咀嚼食物的聲音，屬於ASMR內容。""}",走過的路每一步都算數 - 誰對我好我就偏向誰(⁎⁍̴̛ᴗ⁍̴̛⁎)  这个家伙很懒，只想把你留下来💛  🫶🏻感謝生命中所有的擁有和遇見   💎日榜十萬浪花+私Line💌
6712451,女,純真可愛型,可愛甜美、長髮,歌唱,日常輕鬆閒聊,親切友善、日常陪伴感,整體呈現甜美、親切的日常陪伴型直播風格，並以唱歌為主要內容。,"{""女性"": ""影片中主播為女性。"", ""外型_可愛甜美"": ""主播臉頰有腮紅，表情甜美可愛。"", ""外型_長髮"": ""主播留著一頭長髮。"", ""純真可愛型"": ""主播的妝容和表情給人清純可愛的感覺，沒有明顯的性感暗示。"", ""才藝_歌唱"": ""影片中主播多次開口唱歌。"", ""主題_日常輕鬆閒聊"": ""主播在唱歌間隙與觀眾進行閒聊。"", ""風格_親切友善"": ""主播在直播中與觀眾互動，語氣親切。"", ""風格_日常陪伴感"": ""主播的直播內容和風格給人日常陪伴的感覺。""}",被堅定的選擇勝過世間一切的浪漫♡   感謝來了就沒走的你 還有看見努力的我 (⁎⁍̴̛ᴗ⁍̴̛⁎)   每天晚上22:00-23:00區間見   ✨私賴  wechat  當日20w
4906499,女,嫵媚性感型、熱情活力型,長髮、紋身刺青,歌唱、舞蹈,日常輕鬆閒聊,互動熱絡,整體直播氛圍熱情活潑，主播性感且具親和力，擅長唱歌和與觀眾互動。,"{""女性"": ""影片中主播為女性。"", ""外型_長髮"": ""主播留著一頭長髮。"", ""外型_紋身刺青"": ""主播胸前有紋身。"", ""嫵媚性感型"": ""主播穿著低胸薄透的紅色上衣，強調身體曲線。"", ""才藝_歌唱"": ""影片中主播持續演唱歌曲。"", ""才藝_舞蹈"": ""主播身體隨音樂連續擺動，有跳舞動作。"", ""主題_日常輕鬆閒聊"": ""主播在唱歌間隙與觀眾進行日常閒聊。"", ""風格_互動熱絡"": ""主播頻繁回應觀眾留言，互動熱絡。"", ""熱情活力型"": ""主播在直播中表現出熱情外向的態度。""}",是哪位小可爱进来看我的主页啦   有一种相遇叫“你和我” 每天晚18：00是你我相遇的时间 快挂上我的马甲吧（爽🌸） 伸出你发财的小手指  日13140/周20520/月累积68888我们+私V
6188175,女,溫柔療癒型,長髮、淺色皮膚,歌唱,日常輕鬆閒聊、音樂陪伴,親切友善、日常陪伴感,整體氛圍輕鬆愉快，適合日常陪伴。,"{""女性"": ""影片中主播為女性。"", ""外型_長髮"": ""主播留著長髮。"", ""外型_淺色皮膚"": ""主播膚色偏淺。"", ""風格_親切友善"": ""主播在直播中表現出親切友善的態度。"", ""風格_日常陪伴感"": ""主播的直播時間固定在晚上，且內容輕鬆，給人日常陪伴的感覺。"", ""主題_日常輕鬆閒聊"": ""主播在影片中與觀眾進行閒聊互動。"", ""主題_音樂陪伴"": ""主播在直播中播放音樂。"", ""才藝_歌唱"": ""主播在影片中開口唱歌。""}",正職很忙｜晚上限時開播 再次回到這舞台 時間雖不長 ，但很珍惜每一次相遇 開播時間 晚上 21:00 or 21:30  （假日隨性）  唱歌、聊天 ఇ ◝‿◜ ఇ  真誠、簡單   謝謝每一份出現在我生命裡的溫柔 我都會放在心裡 ♡⁼³₌₃  Line群當日13140 月榜333333 私Line 100000
6745876,女,純真可愛型,長髮、淺色皮膚、可愛甜美,歌唱,日常輕鬆閒聊,親切友善、互動熱絡,整體呈現親切友善、互動熱絡的日常陪伴型直播風格。,"{""女性"": ""影片中主播為女性。"", ""外型_長髮"": ""主播留著長髮。"", ""外型_淺色皮膚"": ""主播的膚色較淺。"", ""外型_可愛甜美"": ""主播的整體外型給人可愛甜美的感覺。"", ""風格_親切友善"": ""主播在影片中表現出親切友善的態度。"", ""風格_互動熱絡"": ""主播頻繁地與觀眾進行互動和對話。"", ""主題_日常輕鬆閒聊"": ""主播在影片中主要進行輕鬆的日常閒聊。"", ""才藝_歌唱"": ""主播在影片中多次開口唱歌。""}",instargram &gt;&gt; 3un._.hy3
6744556,女,純真可愛型,可愛甜美、長髮,聊天互動,日常輕鬆閒聊,親切友善、互動熱絡,整體呈現可愛甜美、親切友善且互動熱絡的日常陪伴型直播風格。,"{""女性"": ""影片中主播為女性。"", ""外型_可愛甜美"": ""主播的臉部表情和整體氣質給人可愛甜美的感覺。"", ""外型_長髮"": ""主播留著長髮。"", ""純真可愛型"": ""主播的整體氣質自然、無攻擊性、偏甜，沒有明顯的性感暗示。"", ""風格_親切友善"": ""主播在直播中語氣溫和，面帶微笑，展現親切友善的態度。"", ""風格_互動熱絡"": ""主播頻繁地與觀眾對話，回應留言，並展示觀眾送的禮物。"", ""主題_日常輕鬆閒聊"": ""主播在影片中主要進行閒聊，並開箱禮物，沒有特定的主題或教學內容。""}",喜歡輕鬆聊天的女孩，直播間主打日常輕鬆閒聊，歡迎來一起互動陪伴。
6759387,女,純真可愛型、幽默搞笑型,可愛甜美、俏皮自然,聊天互動、搞笑互動,日常輕鬆閒聊、搞笑歡樂,親切友善、互動熱絡,俏皮可愛的互動型主播，適合喜歡輕鬆玩笑和即時聊天的觀眾。,"{""女性"": ""主播呈現為女性形象。"", ""外型_可愛甜美"": ""整體造型呈現可愛甜美的特徵。"", ""外型_俏皮自然"": ""整體造型呈現俏皮自然的特徵。"", ""純真可愛型"": ""主播氣質符合純真可愛型。"", ""幽默搞笑型"": ""主播氣質符合幽默搞笑型。"", ""才藝_聊天互動"": ""直播內容展現聊天互動能力。"", ""才藝_搞笑互動"": ""直播內容展現搞笑互動能力。"", ""主題_日常輕鬆閒聊"": ""直播內容以日常輕鬆閒聊為主要題材。"", ""主題_搞笑歡樂"": ""直播內容以搞笑歡樂為主要題材。"", ""風格_親切友善"": ""直播互動呈現親切友善的風格。"", ""風格_互動熱絡"": ""直播互動呈現互動熱絡的風格。""}",JJUBI(山豬🐗)
6884087,女,純真可愛型,可愛甜美、長髮、淺色皮膚,歌唱,日常輕鬆閒聊,親切友善、互動熱絡、正能量,整體氛圍輕鬆愉快，主播展現出可愛甜美且充滿正能量的形象。,"{""女性"": ""影片中為女性主播。"", ""外型_可愛甜美"": ""主播的表情和動作都顯得可愛甜美。"", ""外型_長髮"": ""主播留著長髮。"", ""外型_淺色皮膚"": ""主播的膚色較淺。"", ""純真可愛型"": ""主播的整體氣質清純可愛，沒有明顯的性感暗示。"", ""風格_親切友善"": ""主播在影片中展現出親切友善的笑容和態度。"", ""風格_互動熱絡"": ""主播頻繁地與觀眾進行眼神交流和手勢互動。"", ""風格_正能量"": ""主播的表情和語氣都充滿活力和正能量。"", ""主題_日常輕鬆閒聊"": ""主播在影片中主要進行輕鬆的閒聊。"", ""才藝_歌唱"": ""主播在多個片段中持續演唱歌曲。""}",愛唱歌也愛聊天的女孩，直播間主打日常輕鬆閒聊，希望用歌聲和陪伴讓你放鬆一下。
6596718,女,純真可愛型,可愛甜美、長髮、淺色皮膚,互動遊戲,日常輕鬆閒聊、互動遊戲,親切友善、互動熱絡、日常陪伴感,整體呈現甜美可愛、互動熱絡的日常陪伴型直播風格。,"{""外型_可愛甜美"": ""主播外型甜美可愛。"", ""外型_長髮"": ""主播留著長髮。"", ""外型_淺色皮膚"": ""主播皮膚白皙。"", ""純真可愛型"": ""主播整體氣質清純可愛，無明顯性感暗示。"", ""風格_親切友善"": ""主播語氣溫和，態度親切。"", ""風格_互動熱絡"": ""主播頻繁回應觀眾留言，互動熱絡。"", ""風格_日常陪伴感"": ""主播的直播內容和風格給人日常陪伴的感覺。"", ""主題_日常輕鬆閒聊"": ""主播在多個片段中進行輕鬆的閒聊。"", ""互動遊戲"": ""主播在影片中玩了互動遊戲。""}",喜歡輕鬆聊天的女孩，直播間主打日常輕鬆閒聊、互動遊戲，歡迎來一起互動陪伴。
6854073,女,純真可愛型,可愛甜美、長髮,歌唱,日常輕鬆閒聊,親切友善、互動熱絡,整體直播氛圍輕鬆愉快，主播親切可愛，與觀眾互動頻繁。,"{""女性"": ""影片中主播為女性。"", ""外型_可愛甜美"": ""主播的臉型、表情和整體氣質給人可愛甜美的感覺。"", ""外型_長髮"": ""主播留著一頭長髮。"", ""純真可愛型"": ""主播的整體氣質自然、無攻擊性，偏甜美，沒有明顯的性感暗示。"", ""才藝_歌唱"": ""影片中主播多次開口持續演唱歌曲。"", ""主題_日常輕鬆閒聊"": ""主播在影片中與觀眾進行日常閒聊。"", ""風格_親切友善"": ""主播的語氣和表情都顯得親切友善。"", ""風格_互動熱絡"": ""主播頻繁地回應觀眾留言，並展示手機畫面與觀眾互動。""}",國際清潔兔聯盟 🧹
6741552,女,純真可愛型、嫵媚性感型,可愛甜美、長髮、淺色皮膚,歌唱,日常輕鬆閒聊,親切友善、互動熱絡,整體直播氛圍甜美活潑，主播親切且互動性高，並有唱歌才藝。,"{""女性"": ""影片中主播為女性。"", ""外型_可愛甜美"": ""主播的妝容和表情給人甜美可愛的感覺。"", ""外型_長髮"": ""主播留著長髮。"", ""外型_淺色皮膚"": ""主播的膚色較為白皙。"", ""純真可愛型"": ""主播的整體氣質清純可愛，沒有攻擊性。"", ""嫵媚性感型"": ""主播穿著低胸上衣，露出事業線，展現性感誘惑。"", ""主題_日常輕鬆閒聊"": ""影片中主播主要在與觀眾閒聊。"", ""風格_親切友善"": ""主播的語氣和表情顯得親切友善。"", ""風格_互動熱絡"": ""主播頻繁回應觀眾留言，互動熱絡。"", ""才藝_歌唱"": ""主播在多個片段中持續演唱歌曲。""}",愛唱歌也愛聊天的女孩，直播間主打日常輕鬆閒聊，希望用歌聲和陪伴讓你放鬆一下。
6712401,女,純真可愛型、熱情活力型、幽默搞笑型,可愛甜美、長髮、韓系,聊天互動,日常輕鬆閒聊,互動熱絡,整體呈現甜美活潑、高互動且帶有幽默感的日常陪伴型直播風格。,"{""女性"": ""影片中主播為女性。"", ""外型_可愛甜美"": ""主播外型甜美可愛，臉頰有腮紅和亮片裝飾。"", ""外型_長髮"": ""主播留著長髮，並紮成馬尾。"", ""外型_韓系"": ""主播的妝容和髮型呈現韓系風格。"", ""純真可愛型"": ""主播整體氣質清純可愛，沒有明顯的性感暗示。"", ""主題_日常輕鬆閒聊"": ""影片中主播主要在與觀眾進行輕鬆的對話。"", ""風格_互動熱絡"": ""主播頻繁地回應觀眾留言，並做出各種表情和手勢與觀眾互動。"", ""熱情活力型"": ""主播在影片中表現出熱情和活潑的態度。"", ""幽默搞笑型"": ""主播在對話中展現出幽默感，例如在0:05-0:07和0:32-0:34的笑聲和表情。""}",喜歡輕鬆聊天的女孩，直播間主打日常輕鬆閒聊，歡迎來一起互動陪伴。
6845926,女,純真可愛型、幽默搞笑型,可愛甜美、長髮、眼鏡,聊天互動,搞笑歡樂、日常輕鬆閒聊,親切友善、互動熱絡,整體呈現可愛甜美、幽默風趣且互動熱絡的直播風格。,"{""女性"": ""影片中所有主播皆為女性。"", ""外型_可愛甜美"": ""主播們的臉部表情和整體氣質給人可愛甜美的感覺。"", ""外型_長髮"": ""所有主播都留著長髮。"", ""外型_眼鏡"": ""其中一位主播戴著眼鏡。"", ""純真可愛型"": ""主播們的表情和互動方式展現出清純可愛的特質，沒有明顯的性感暗示。"", ""幽默搞笑型"": ""主播們在對話中展現出幽默感，並有誇張的表情和動作引人發笑。"", ""風格_親切友善"": ""主播們的語氣和表情都顯得親切友善。"", ""風格_互動熱絡"": ""主播們頻繁地對話，互相回應，展現出熱絡的互動。"", ""主題_搞笑歡樂"": ""對話內容輕鬆有趣，帶有娛樂性。"", ""主題_日常輕鬆閒聊"": ""主播們主要在進行日常的輕鬆閒聊。""}",喜歡輕鬆聊天的女孩，直播間主打搞笑歡樂、日常輕鬆閒聊，歡迎來一起互動陪伴。
6849136,女,純真可愛型,可愛甜美、長髮、韓系,美妝分享,美容保養、日常輕鬆閒聊,互動熱絡、親切友善,整體呈現甜美可愛、親切友善的日常陪伴型直播風格。,"{""女性"": ""主播為女性。"", ""外型_可愛甜美"": ""主播外型甜美可愛，妝容精緻。"", ""外型_長髮"": ""主播留著長髮。"", ""外型_韓系"": ""主播的妝容和髮型呈現韓系風格。"", ""純真可愛型"": ""主播整體氣質清純可愛，沒有攻擊性。"", ""美容保養"": ""影片中主播有化妝的行為。"", ""主題_日常輕鬆閒聊"": ""主播在影片中持續與觀眾閒聊。"", ""風格_互動熱絡"": ""主播頻繁回應觀眾留言，互動熱絡。"", ""風格_親切友善"": ""主播語氣溫和，態度親切。""}",丸朋友我愛你們！我們每天一起加油吧🍡💞
6942857,女,純真可愛型,可愛甜美、長髮、淺色皮膚,聊天互動,日常輕鬆閒聊、ASMR,日常陪伴感、親切友善、情緒真實,整體呈現溫柔、親切且帶有日常陪伴感的直播氛圍。,"{""女性"": ""影片中主播為女性。"", ""外型_可愛甜美"": ""主播的妝容和整體形象呈現可愛甜美的風格。"", ""外型_長髮"": ""主播留著長髮。"", ""外型_淺色皮膚"": ""主播的膚色看起來白皙。"", ""純真可愛型"": ""主播的表情和語氣給人清純可愛的感覺，沒有明顯的性感暗示。"", ""主題_日常輕鬆閒聊"": ""主播在多個片段中進行閒聊，沒有特定的主題。"", ""風格_日常陪伴感"": ""主播的直播風格給人一種日常陪伴的感覺。"", ""風格_親切友善"": ""主播的語氣和表情顯得親切友善。"", ""風格_情緒真實"": ""主播在直播中展現出真實的情緒，例如打哈欠、發呆等。"", ""主題_ASMR"": ""主播在影片中發出類似ASMR的聲音，例如吸氣、舔嘴唇等。""}",喜歡輕鬆聊天的女孩，直播間主打日常輕鬆閒聊、ASMR，歡迎來一起互動陪伴。
6848569,女,純真可愛型,可愛甜美、短髮,聊天互動,日常輕鬆閒聊,親切友善、互動熱絡、正能量,整體呈現可愛甜美、親切友善且互動熱絡的日常陪伴型直播風格。,"{""女性"": ""影片中主播為女性。"", ""外型_可愛甜美"": ""主播臉型圓潤，笑容甜美，整體給人可愛甜美的感覺。"", ""外型_短髮"": ""主播留著及肩的短髮。"", ""純真可愛型"": ""主播的整體氣質自然、無攻擊性，偏甜美且無明顯性感暗示。"", ""風格_親切友善"": ""主播在直播中語氣溫和，表情親切，給人友善的感覺。"", ""風格_互動熱絡"": ""主播頻繁地與觀眾進行對話和回應留言。"", ""主題_日常輕鬆閒聊"": ""直播內容主要為主播與觀眾的輕鬆閒聊。"", ""風格_正能量"": ""主播在直播中展現出積極樂觀的態度，時常面帶笑容。""}",大家好 (◍•ᴗ•◍) みなさんこんにちは♡  我是 ⚾️ 統一獅啦啦隊 🦁 　　日本人🇯🇵 Nozomi（希美）  現在正在努力學中文📚✏️  大家一定要來跟我聊天喔〜(˘︶˘).｡.:*♡
7034362,女,溫柔療癒型、情緒真實,氣質清新、長髮、淺色皮膚,情感陪聊、歌唱,情感陪伴、日常輕鬆閒聊、音樂陪伴,溫柔療癒、日常陪伴感、親切友善,溫柔慢熟的陪伴型主播，擅長用聊天和歌曲接住觀眾的情緒。,"{""女性"": ""主播呈現為女性形象。"", ""外型_氣質清新"": ""整體造型呈現氣質清新的特徵。"", ""外型_長髮"": ""整體造型呈現長髮的特徵。"", ""外型_淺色皮膚"": ""整體造型呈現淺色皮膚的特徵。"", ""溫柔療癒型"": ""主播氣質符合溫柔療癒型。"", ""情緒真實"": ""主播氣質符合情緒真實。"", ""才藝_情感陪聊"": ""直播內容展現情感陪聊能力。"", ""才藝_歌唱"": ""直播內容展現歌唱能力。"", ""主題_情感陪伴"": ""直播內容以情感陪伴為主要題材。"", ""主題_日常輕鬆閒聊"": ""直播內容以日常輕鬆閒聊為主要題材。"", ""主題_音樂陪伴"": ""直播內容以音樂陪伴為主要題材。"", ""風格_溫柔療癒"": ""直播互動呈現溫柔療癒的風格。"", ""風格_日常陪伴感"": ""直播互動呈現日常陪伴感的風格。"", ""風格_親切友善"": ""直播互動呈現親切友善的風格。""}",想把溫柔留給願意靠近的人，陪你聊天、聽歌，也聽你說今天過得好不好。
7032471,女,溫柔療癒型、情緒真實,氣質清新、長髮、淺色皮膚,情感陪聊、歌唱,情感陪伴、日常輕鬆閒聊、音樂陪伴,溫柔療癒、日常陪伴感、親切友善,溫柔慢熟的陪伴型主播，擅長用聊天和歌曲接住觀眾的情緒。,"{""女性"": ""主播呈現為女性形象。"", ""外型_氣質清新"": ""整體造型呈現氣質清新的特徵。"", ""外型_長髮"": ""整體造型呈現長髮的特徵。"", ""外型_淺色皮膚"": ""整體造型呈現淺色皮膚的特徵。"", ""溫柔療癒型"": ""主播氣質符合溫柔療癒型。"", ""情緒真實"": ""主播氣質符合情緒真實。"", ""才藝_情感陪聊"": ""直播內容展現情感陪聊能力。"", ""才藝_歌唱"": ""直播內容展現歌唱能力。"", ""主題_情感陪伴"": ""直播內容以情感陪伴為主要題材。"", ""主題_日常輕鬆閒聊"": ""直播內容以日常輕鬆閒聊為主要題材。"", ""主題_音樂陪伴"": ""直播內容以音樂陪伴為主要題材。"", ""風格_溫柔療癒"": ""直播互動呈現溫柔療癒的風格。"", ""風格_日常陪伴感"": ""直播互動呈現日常陪伴感的風格。"", ""風格_親切友善"": ""直播互動呈現親切友善的風格。""}",想把溫柔留給願意靠近的人，陪你聊天、聽歌，也聽你說今天過得好不好。
7019547,男,幽默搞笑型、親切暖男型,短髮、少年感、清爽,聊天互動、歌唱,日常輕鬆閒聊、搞笑歡樂、音樂陪伴,互動熱絡、親切友善、日常陪伴感,清爽幽默的聊天型主播，能把日常話題聊得輕鬆有趣。,"{""男性"": ""主播呈現為男性形象。"", ""外型_短髮"": ""整體造型呈現短髮的特徵。"", ""外型_少年感"": ""整體造型呈現少年感的特徵。"", ""外型_清爽"": ""整體造型呈現清爽的特徵。"", ""幽默搞笑型"": ""主播氣質符合幽默搞笑型。"", ""親切暖男型"": ""主播氣質符合親切暖男型。"", ""才藝_聊天互動"": ""直播內容展現聊天互動能力。"", ""才藝_歌唱"": ""直播內容展現歌唱能力。"", ""主題_日常輕鬆閒聊"": ""直播內容以日常輕鬆閒聊為主要題材。"", ""主題_搞笑歡樂"": ""直播內容以搞笑歡樂為主要題材。"", ""主題_音樂陪伴"": ""直播內容以音樂陪伴為主要題材。"", ""風格_互動熱絡"": ""直播互動呈現互動熱絡的風格。"", ""風格_親切友善"": ""直播互動呈現親切友善的風格。"", ""風格_日常陪伴感"": ""直播互動呈現日常陪伴感的風格。""}",進來坐一下吧，唱歌聊天都可以，今天的壓力先放在門口。
6720569,女,純真可愛型,可愛甜美、軟萌風,聊天互動,日常輕鬆閒聊,親切友善、日常陪伴感,軟萌可愛的日常陪伴型主播，適合喜歡輕鬆安靜陪伴感的觀眾。,"{""女性"": ""主播呈現為女性形象。"", ""外型_可愛甜美"": ""整體造型呈現可愛甜美的特徵。"", ""外型_軟萌風"": ""整體造型呈現軟萌風的特徵。"", ""純真可愛型"": ""主播氣質符合純真可愛型。"", ""才藝_聊天互動"": ""直播內容展現聊天互動能力。"", ""主題_日常輕鬆閒聊"": ""直播內容以日常輕鬆閒聊為主要題材。"", ""風格_親切友善"": ""直播互動呈現親切友善的風格。"", ""風格_日常陪伴感"": ""直播互動呈現日常陪伴感的風格。""}",❤️🎀🧸❤️🎀🧸
6991910,女,純真可愛型,可愛甜美、短髮、韓系,聊天互動,日常輕鬆閒聊,親切友善、日常陪伴感、互動熱絡,整體呈現親切友善、高互動的日常陪伴型直播風格。,"{""女性"": ""影片中主播為女性。"", ""外型_可愛甜美"": ""主播的妝容和表情給人可愛甜美的感覺。"", ""外型_短髮"": ""主播的髮型為短髮。"", ""外型_韓系"": ""主播的整體造型和妝容風格偏向韓系。"", ""純真可愛型"": ""主播的氣質自然，表情可愛，沒有明顯的性感暗示。"", ""風格_親切友善"": ""主播語氣溫和，表情親切，展現友善的態度。"", ""風格_日常陪伴感"": ""主播的直播內容以閒聊為主，營造日常陪伴的氛圍。"", ""主題_日常輕鬆閒聊"": ""影片中主播主要在與觀眾進行輕鬆的閒聊。"", ""風格_互動熱絡"": ""主播頻繁地看向鏡頭並回應觀眾留言，顯示互動熱絡。""}",喜歡輕鬆聊天的女孩，直播間主打日常輕鬆閒聊，歡迎來一起互動陪伴。
6846289,女,純真可愛型,可愛甜美、長髮,歌唱,日常輕鬆閒聊、音樂陪伴,親切友善、互動熱絡,整體呈現可愛甜美、親切友善且互動熱絡的日常陪伴型直播風格。,"{""女性"": ""影片中主播為女性。"", ""外型_可愛甜美"": ""主播的臉部表情和整體氣質給人可愛甜美的感覺。"", ""外型_長髮"": ""主播留著一頭長髮。"", ""純真可愛型"": ""主播的妝容和表情自然，沒有攻擊性，整體呈現清純可愛的形象。"", ""風格_親切友善"": ""主播在直播中頻繁與觀眾打招呼、道謝，語氣溫和。"", ""風格_互動熱絡"": ""主播不斷回應觀眾留言，並與觀眾進行對話。"", ""主題_日常輕鬆閒聊"": ""主播主要透過說話與觀眾互動，內容為輕鬆的日常閒聊。"", ""主題_音樂陪伴"": ""直播背景有音樂播放，主播也提及音樂相關內容，提供音樂陪伴。""}",ᐠ • ˕ - ྀིﾏ ◝✩ ᵐᵉᵒʷˎˊ˗ 我們永遠在一起吧 yoonteam 🫧
6845918,女,純真可愛型,長髮、淺色皮膚、可愛甜美,舞蹈,日常輕鬆閒聊、音樂陪伴,親切友善、互動熱絡,整體直播氛圍輕鬆愉快，主播可愛甜美且互動性高，適合日常陪伴。,"{""女性"": ""主播為女性。"", ""外型_長髮"": ""主播留著長髮。"", ""外型_淺色皮膚"": ""主播的皮膚看起來白皙。"", ""外型_可愛甜美"": ""主播的臉部表情和整體氣質可愛甜美。"", ""純真可愛型"": ""主播的整體形象清純可愛，沒有明顯的性感暗示。"", ""風格_親切友善"": ""主播在直播中展現出親切友善的態度。"", ""風格_互動熱絡"": ""主播頻繁地與觀眾進行對話和回應。"", ""主題_日常輕鬆閒聊"": ""直播內容主要圍繞著日常閒聊。"", ""主題_音樂陪伴"": ""直播中播放音樂，主播也隨著音樂擺動，提供音樂陪伴。"", ""才藝_舞蹈"": ""主播有隨音樂連續擺動身體的動作。""}",喜歡輕鬆聊天的女孩，直播間主打日常輕鬆閒聊、音樂陪伴，歡迎來一起互動陪伴。
6861064,女,純真可愛型,可愛甜美、長髮、淺色皮膚,外語能力,日常輕鬆閒聊、吃播,親切友善、日常陪伴感,整體氛圍輕鬆愉快，主播親切可愛，適合日常陪伴。,"{""女性"": ""影片中主播為女性。"", ""外型_可愛甜美"": ""主播的臉部表情和整體形象給人可愛甜美的感覺。"", ""外型_長髮"": ""主播留著長髮。"", ""外型_淺色皮膚"": ""主播的膚色看起來較為白皙。"", ""純真可愛型"": ""主播的整體氣質自然、無攻擊性，偏甜美，沒有明顯的性感暗示。"", ""風格_親切友善"": ""主播在影片中語氣溫和，面帶微笑，給人親切友善的感覺。"", ""風格_日常陪伴感"": ""主播的直播內容以日常閒聊和吃播為主，營造了日常陪伴的氛圍。"", ""主題_日常輕鬆閒聊"": ""主播在影片中進行了大量的閒聊，與觀眾分享日常。"", ""吃播"": ""主播在影片中多次吃零食，有咀嚼和吞嚥的動作。"", ""才藝_外語能力"": ""主播在影片中使用了日語和中文進行交流。""}",我是Passion sisters的桃子🍑💛
6903633,女,純真可愛型,可愛甜美、長髮、韓系,吃播互動,日常輕鬆閒聊、吃播,親切友善、互動熱絡,可愛親切的日常聊天風格。,"{""女性"": ""主播為女性"", ""外型_可愛甜美"": ""外型可愛"", ""外型_長髮"": ""長髮"", ""外型_韓系"": ""妝容風格偏韓系"", ""純真可愛型"": ""整體氣質自然、無攻擊性、偏甜、無明顯性感暗示"", ""主題_日常輕鬆閒聊"": ""直播中主要為日常閒聊"", ""吃播"": ""有展示食物並進食"", ""風格_親切友善"": ""態度友善"", ""風格_互動熱絡"": ""與觀眾互動頻繁""}",喜歡邊吃邊聊的女孩，歡迎來直播間一起分享日常和今天的好心情。
6845929,女,純真可愛型,可愛甜美、長髮、淺色皮膚、韓系,歌唱,日常輕鬆閒聊,親切友善、互動熱絡、日常陪伴感,整體氛圍輕鬆愉快，主播以甜美親切的形象與觀眾進行高互動的日常陪伴型直播。,"{""女性"": ""影片中主播為女性。"", ""外型_可愛甜美"": ""主播的表情和整體氣質給人甜美可愛的感覺。"", ""外型_長髮"": ""主播留著長髮。"", ""外型_淺色皮膚"": ""主播的皮膚看起來白皙。"", ""外型_韓系"": ""主播的穿搭和妝容風格偏韓系。"", ""純真可愛型"": ""主播的整體氣質清純可愛，沒有明顯的性感暗示。"", ""才藝_歌唱"": ""影片中主播多次開口唱歌，且持續演唱。"", ""主題_日常輕鬆閒聊"": ""主播在唱歌間隙與觀眾進行輕鬆的閒聊。"", ""風格_親切友善"": ""主播的語氣和表情都顯得親切友善。"", ""風格_互動熱絡"": ""主播頻繁地與觀眾互動，回應留言。"", ""風格_日常陪伴感"": ""主播的直播內容和風格給人日常陪伴的感覺。""}",愛唱歌也愛聊天的女孩，直播間主打日常輕鬆閒聊，希望用歌聲和陪伴讓你放鬆一下。
6920001,女,純真可愛型,可愛甜美、長髮、韓系,聊天互動,日常輕鬆閒聊,日常陪伴感、親切友善、正能量,整體呈現甜美可愛、親切友善的日常陪伴型直播風格。,"{""女性"": ""主播為女性。"", ""外型_可愛甜美"": ""主播的臉部表情和整體氣質甜美可愛。"", ""外型_長髮"": ""主播留著長髮。"", ""外型_韓系"": ""主播的妝容和髮型風格偏韓系。"", ""純真可愛型"": ""主播的整體氣質清純，沒有明顯的性感暗示。"", ""主題_日常輕鬆閒聊"": ""主播在影片中與觀眾輕鬆閒聊。"", ""風格_日常陪伴感"": ""主播在影片中整理頭髮，營造出日常陪伴的氛圍。"", ""風格_親切友善"": ""主播在影片中微笑並與觀眾互動，顯得親切友善。"", ""風格_正能量"": ""主播的表情和語氣都給人積極正向的感覺。""}",喜歡輕鬆聊天的女孩，直播間主打日常輕鬆閒聊，歡迎來一起互動陪伴。
6992538,女,純真可愛型、熱情活力型,可愛甜美、長髮、韓系,歌唱,日常輕鬆閒聊,互動熱絡、親切友善,整體呈現甜美活潑、高互動的日常陪伴型直播風格。,"{""女性"": ""影片中主播為女性。"", ""外型_可愛甜美"": ""主播外型甜美可愛，妝容和表情都強化了這一特徵。"", ""外型_長髮"": ""主播留著一頭長髮。"", ""外型_韓系"": ""主播的穿搭和妝容風格偏向韓系。"", ""純真可愛型"": ""主播整體氣質清純可愛，沒有攻擊性。"", ""才藝_歌唱"": ""影片中有多段主播持續演唱的片段。"", ""主題_日常輕鬆閒聊"": ""主播在多個片段中與觀眾進行輕鬆的日常閒聊。"", ""風格_互動熱絡"": ""主播頻繁地回應觀眾留言，並與觀眾進行互動。"", ""熱情活力型"": ""主播在直播中表現出熱情洋溢的態度。"", ""風格_親切友善"": ""主播的語氣和表情都顯得非常親切友善。""}",愛唱歌也愛聊天的女孩，直播間主打日常輕鬆閒聊，希望用歌聲和陪伴讓你放鬆一下。
6872818,女,純真可愛型,可愛甜美、長髮、日系,歌唱,日常輕鬆閒聊、音樂陪伴,親切友善、日常陪伴感,整體呈現甜美、親切的日常陪伴型直播風格。,"{""女性"": ""影片中主播為女性。"", ""外型_可愛甜美"": ""主播的妝容、髮型和表情都呈現出可愛甜美的風格。"", ""外型_長髮"": ""主播的頭髮長度及腰，符合長髮特徵。"", ""外型_日系"": ""主播的髮型和妝容風格偏向日系。"", ""純真可愛型"": ""主播的整體氣質自然、無攻擊性，表情甜美，沒有明顯的性感暗示。"", ""風格_親切友善"": ""主播在影片中與觀眾互動時，語氣溫柔且面帶微笑，展現親切友善的態度。"", ""風格_日常陪伴感"": ""主播的直播內容以輕鬆閒聊為主，背景播放音樂，營造日常陪伴的氛圍。"", ""主題_日常輕鬆閒聊"": ""主播在影片中主要與觀眾進行輕鬆的對話和閒聊。"", ""主題_音樂陪伴"": ""直播背景持續播放音樂，主播也提及音樂相關內容，顯示音樂是直播的重要組成部分。""}",Hello〜我是Chihiro🇯🇵🤍
6845967,女,純真可愛型、幽默搞笑型,可愛甜美、長髮,互動遊戲,日常輕鬆閒聊、互動遊戲,親切友善、互動熱絡,整體呈現可愛甜美、幽默且互動熱絡的直播氛圍。,"{""女性"": ""影片中主播為女性。"", ""外型_可愛甜美"": ""主播外型甜美可愛。"", ""外型_長髮"": ""主播留有長髮。"", ""純真可愛型"": ""主播整體氣質清純可愛，無明顯性感暗示。"", ""風格_親切友善"": ""主播在直播中展現出親切友善的態度。"", ""風格_互動熱絡"": ""主播頻繁與觀眾進行互動，回應留言。"", ""主題_日常輕鬆閒聊"": ""直播內容多為輕鬆的日常閒聊。"", ""互動遊戲"": ""主播在直播中進行了互動遊戲。"", ""幽默搞笑型"": ""主播在互動中展現出幽默搞笑的特質。""}",🐣=我的粉絲認證徽章💛 小雞團集合啦！
6845922,女,純真可愛型,可愛甜美、長髮、眼鏡、韓系,歌唱,音樂陪伴、日常輕鬆閒聊,親切友善、日常陪伴感,整體氛圍溫馨，主播以甜美歌聲和親切閒聊提供日常陪伴感。,"{""女性"": ""影片中主播為女性。"", ""外型_可愛甜美"": ""主播的臉部表情和整體氣質給人甜美可愛的感覺。"", ""外型_長髮"": ""主播的頭髮長度過肩。"", ""外型_眼鏡"": ""主播全程戴著眼鏡。"", ""外型_韓系"": ""主播的妝容和髮型呈現韓系風格。"", ""純真可愛型"": ""主播的整體氣質自然、無攻擊性，偏甜美且無明顯性感暗示。"", ""才藝_歌唱"": ""影片中主播多次開口持續演唱歌曲。"", ""主題_音樂陪伴"": ""主播在直播中演唱歌曲，提供音樂陪伴。"", ""主題_日常輕鬆閒聊"": ""主播在唱歌間隙與觀眾進行輕鬆的閒聊。"", ""風格_親切友善"": ""主播在影片中展現出親切友善的態度。"", ""風格_日常陪伴感"": ""主播的直播內容和互動方式給人日常陪伴的感覺。""}",愛唱歌也愛聊天的女孩，直播間主打音樂陪伴、日常輕鬆閒聊，希望用歌聲和陪伴讓你放鬆一下。
6922057,女,純真可愛型,可愛甜美、長髮、韓系,吃播互動,吃播、日常輕鬆閒聊,日常陪伴感,整體呈現可愛甜美的日常陪伴型吃播直播風格。,"{""女性"": ""影片中主播為女性。"", ""外型_可愛甜美"": ""主播的臉部特徵和整體氣質給人可愛甜美的感覺。"", ""外型_長髮"": ""主播留著長髮。"", ""外型_韓系"": ""主播的妝容和髮型呈現韓系風格。"", ""純真可愛型"": ""主播的表情和舉止自然，沒有攻擊性，給人清純可愛的印象。"", ""吃播"": ""主播在影片中持續進食，有咀嚼和吞嚥的動作。"", ""主題_日常輕鬆閒聊"": ""主播在吃播過程中會說話，與觀眾進行輕鬆的閒聊。"", ""風格_日常陪伴感"": ""主播的直播內容和風格給人一種日常陪伴的感覺。""}",金佳垠
6849234,女,溫柔療癒型、情緒真實,氣質清新、長髮、淺色皮膚,情感陪聊、歌唱,情感陪伴、日常輕鬆閒聊、音樂陪伴,溫柔療癒、日常陪伴感、親切友善,溫柔慢熟的陪伴型主播，擅長用聊天和歌曲接住觀眾的情緒。,"{""女性"": ""主播呈現為女性形象。"", ""外型_氣質清新"": ""整體造型呈現氣質清新的特徵。"", ""外型_長髮"": ""整體造型呈現長髮的特徵。"", ""外型_淺色皮膚"": ""整體造型呈現淺色皮膚的特徵。"", ""溫柔療癒型"": ""主播氣質符合溫柔療癒型。"", ""情緒真實"": ""主播氣質符合情緒真實。"", ""才藝_情感陪聊"": ""直播內容展現情感陪聊能力。"", ""才藝_歌唱"": ""直播內容展現歌唱能力。"", ""主題_情感陪伴"": ""直播內容以情感陪伴為主要題材。"", ""主題_日常輕鬆閒聊"": ""直播內容以日常輕鬆閒聊為主要題材。"", ""主題_音樂陪伴"": ""直播內容以音樂陪伴為主要題材。"", ""風格_溫柔療癒"": ""直播互動呈現溫柔療癒的風格。"", ""風格_日常陪伴感"": ""直播互動呈現日常陪伴感的風格。"", ""風格_親切友善"": ""直播互動呈現親切友善的風格。""}",想把溫柔留給願意靠近的人，陪你聊天、聽歌，也聽你說今天過得好不好。
6877650,女,純真可愛型、熱情活力型,可愛甜美、長髮、韓系,歌唱、聊天互動,日常輕鬆閒聊、音樂陪伴,親切友善、互動熱絡、日常陪伴感,甜美活潑的音樂陪伴型主播，適合想輕鬆聊天、聽歌放鬆的觀眾。,"{""女性"": ""主播呈現為女性形象。"", ""外型_可愛甜美"": ""整體造型呈現可愛甜美的特徵。"", ""外型_長髮"": ""整體造型呈現長髮的特徵。"", ""外型_韓系"": ""整體造型呈現韓系的特徵。"", ""純真可愛型"": ""主播氣質符合純真可愛型。"", ""熱情活力型"": ""主播氣質符合熱情活力型。"", ""才藝_歌唱"": ""直播內容展現歌唱能力。"", ""才藝_聊天互動"": ""直播內容展現聊天互動能力。"", ""主題_日常輕鬆閒聊"": ""直播內容以日常輕鬆閒聊為主要題材。"", ""主題_音樂陪伴"": ""直播內容以音樂陪伴為主要題材。"", ""風格_親切友善"": ""直播互動呈現親切友善的風格。"", ""風格_互動熱絡"": ""直播互動呈現互動熱絡的風格。"", ""風格_日常陪伴感"": ""直播互動呈現日常陪伴感的風格。""}",喜歡唱歌也喜歡聽你分享生活，來直播間一起把平凡日子過得亮一點。
6997773,女,純真可愛型、熱情活力型,AI美人、可愛甜美、長髮、高挑、韓系,啦啦隊應援、舞蹈、歌唱,棒球應援、三振舞、日常互動、粉絲陪伴,舞台感強、互動熱絡、親切友善、反差萌,韓國啦啦隊員李珠珢以起亞虎三振舞爆紅，2025年加入富邦悍將Fubon Angels；外型甜美高挑，場上具舞台魅力，私下內向害羞，適合推薦給喜歡韓系啦啦隊、棒球應援與高人氣互動型主播的使用者。,"{""女性"": ""公開資料顯示李珠珢為韓國女性啦啦隊員。"", ""外型_AI美人"": ""媒體與球迷以AI女神、AI美人稱呼她，形容其精緻甜美外型。"", ""外型_高挑"": ""Fubon Angels圖鑑資料顯示身高170cm。"", ""外型_韓系"": ""韓國籍，曾任KBO起亞虎啦啦隊，後加入Fubon Angels。"", ""才藝_啦啦隊應援"": ""2023年展開啦啦隊生涯，2024年因起亞虎三振舞爆紅。"", ""才藝_歌唱"": ""Fubon Angels圖鑑列出嗜好包含唱歌。"", ""主題_棒球應援"": ""2025年加入富邦悍將Fubon Angels，為中職富邦悍將應援。"", ""風格_互動熱絡"": ""三振舞影片與社群人氣帶來高度話題，適合高互動推薦。"", ""風格_反差萌"": ""公開報導提到其個性內向害羞，與亮麗外表形成反差。""}",韓國啦啦隊員李珠珢（이주은），2004年7月24日生，身高170cm，Fubon Angels #32；2024年以起亞虎「三振舞／Pikki Pikki」爆紅，2025年加入富邦悍將啦啦隊。嗜好唱歌、煮飯，MBTI為I。
